,L_bol,L_bol_err,Teff,Tmax,Tmin,clustered,clusterederr,clusterenergy,clusterenergy_err,count_true,energ_true,stars_in_bin,rel_energ_err
0,1.3011615595745358e+28,1.1235132039949538e+28,3200.0,3500.0,3000.0,824.8011461832151,180.919225636021,1.6464918136549102e+32,9.523563276027954e+31,,2.044999460725342e+31,452,0.5784154647503159
1,1.3011615595745358e+28,1.1235132039949538e+28,3200.0,3500.0,3000.0,648.2933744890936,145.4517757593016,1.294141913941889e+32,7.550381147689358e+31,2.2857142857142856,4.463211782115331e+32,452,0.583427602981445
2,1.3011615595745358e+28,1.1235132039949538e+28,3200.0,3500.0,3000.0,349.83028610583494,77.64384861793786,6.983412970595772e+31,4.057458971111469e+31,3.166666666666667,1.7384298265283365e+32,452,0.5810137518997845
3,2.53706284034917e+28,2.190676153566424e+28,3250.0,3500.0,3000.0,142.74357940109303,31.792352759380734,4.221103556844312e+31,2.720093195134413e+31,3.25,1.2150147650392163e+32,452,0.6444033316178457
4,1.3011615595745358e+28,1.1235132039949538e+28,3200.0,3500.0,3000.0,487.86937102264136,985.984164124793,9.738988957992016e+31,2.3179445275181634e+32,2.0,1.8544997516919975e+32,452,2.380066901724958
5,1.3011615595745358e+28,1.1235132039949538e+28,3200.0,3500.0,3000.0,223.4674612193104,49.44086102810671,4.460921850296628e+31,2.5887205899092423e+31,1.7999999999999998,1.1683326940214284e+32,452,0.5803106794478154
6,1.3011615595745358e+28,1.1235132039949538e+28,3200.0,3500.0,3000.0,342.9055626968591,77.55038304686045,6.84517964663079e+31,4.005958219932256e+31,2.8,1.5734065758134492e+32,452,0.5852232412781155
7,2.4228762028039462e+29,8.089374008782233e+28,3500.0,3500.0,3000.0,87.8052357127343,95.22561136138657,7.825339189430341e+31,1.1032789491173903e+32,3.2,1.5680997921772557e+32,452,1.409880035114114
8,6.372813724560243e+27,2.274461611803033e+27,3100.0,3500.0,3000.0,1634.570831562299,318.98392165198925,2.4446720510467465e+32,1.4254083627555645e+32,2.428571428571429,5.825728699656425e+32,452,0.5830673125032214
9,1.3011615595745358e+28,1.1235132039949538e+28,3200.0,3500.0,3000.0,225.2191738748957,349.5325335450676,4.495890043062162e+31,8.591792933254245e+31,,8.586447488860754e+31,452,1.9110327100887798
10,1.3011615595745358e+28,1.1235132039949538e+28,3200.0,3500.0,3000.0,365.01863522309134,81.05687947042335,7.286607172012903e+31,4.234457776215137e+31,1.8333333333333335,2.6325632892469453e+32,452,0.581128867832926
11,1.3011615595745358e+28,1.1235132039949538e+28,3200.0,3500.0,3000.0,194.49260203599732,39.67575292309794,3.8825173625253225e+31,2.186100976812762e+31,11.666666666666666,8.692968974820824e+31,452,0.563062768994508
12,1.3011615595745358e+28,1.1235132039949538e+28,3200.0,3500.0,3000.0,100.75627700157767,31.42276904618572,2.011325833203845e+31,1.349470223648858e+31,,3.9168270212356233e+31,452,0.6709356591414549
13,1.3011615595745358e+28,1.1235132039949538e+28,3200.0,3500.0,3000.0,90.99272006920333,30.919409326937053,1.8164228964693574e+31,1.269438884298147e+31,,3.9168270212356233e+31,452,0.6988674756113229
14,1.3011615595745358e+28,1.1235132039949538e+28,3200.0,3500.0,3000.0,497.71146530750593,98.85704941361566,9.9354596799865e+31,5.5409042632687515e+31,14.666666666666668,2.1728850507718117e+32,452,0.557689773974935
15,2.0152606473591297e+27,1.1600772812766656e+27,3030.0,3500.0,3000.0,1053.6539670274815,232.34062099599336,8.451585881679782e+31,4.551653760706623e+31,4.25,1.9840290196793257e+32,452,0.5385561744776314
16,1.4266952797331432e+29,4.76337656086982e+28,3410.0,3500.0,3000.0,69.0659353569374,13.529058344190515,4.478572849279281e+31,2.822589652706305e+31,5.0,9.403943520817411e+31,452,0.6302431037066938
17,1.4266952797331432e+29,4.76337656086982e+28,3410.0,3500.0,3000.0,163.65981590231354,34.46259271937012,1.0612502447554616e+32,6.844337483661066e+31,1.5454545454545454,2.2133821707313662e+32,452,0.6449315340547386
18,,,,3500.0,3000.0,,,,,1.5,4.361393438289681e+32,452,
19,1.4266952797331432e+29,4.76337656086982e+28,3410.0,3500.0,3000.0,69.37681156355364,15.72880677933428,4.49873158210818e+31,2.973988180132599e+31,5.0,9.403943520817411e+31,452,0.6610725992100509
20,1.3011615595745358e+28,1.1235132039949538e+28,3200.0,3500.0,3000.0,70.81831496919534,264.5251469335577,1.4136956088530226e+31,5.788138026097328e+31,,1.0075293080355538e+32,452,4.094331191134867
21,2.53706284034917e+28,2.190676153566424e+28,3250.0,3500.0,3000.0,291.12117897369797,395.96318608664376,8.608812033399074e+31,1.5339281607182466e+32,1.6666666666666667,1.7155849622389107e+32,452,1.781811653881117
22,2.53706284034917e+28,2.190676153566424e+28,3250.0,3500.0,3000.0,81.48693556412383,28.984052702793697,2.4096691072847824e+31,1.8732029679061537e+31,8.0,3.6587869038836277e+31,452,0.7773693750080403
23,2.53706284034917e+28,2.190676153566424e+28,3250.0,3500.0,3000.0,119.43570874965758,31.373763024463237,3.5318610975895177e+31,2.417075351872604e+31,6.0,5.529533501848728e+31,452,0.6843630836790975
24,2.53706284034917e+28,2.190676153566424e+28,3250.0,3500.0,3000.0,66.481810090559,14.461661801455847,1.9659490550547156e+31,1.256650184778177e+31,2.5999999999999996,7.866472821642282e+31,452,0.6392079090488957
25,2.53706284034917e+28,2.190676153566424e+28,3250.0,3500.0,3000.0,58.67074447015963,13.052782025549938,1.7349662184791632e+31,1.117587075000822e+31,18.0,5.674417561692452e+31,452,0.6441549484349479
26,2.53706284034917e+28,2.190676153566424e+28,3250.0,3500.0,3000.0,101.81192181812989,21.508740580522986,3.010703998868423e+31,1.9055930546502263e+31,3.25,8.532900457044954e+31,452,0.6329393574946078
27,2.53706284034917e+28,2.190676153566424e+28,3250.0,3500.0,3000.0,57.483855472584466,14.069483111143,1.699868448125749e+31,1.1328521579435791e+31,18.0,5.674417561692452e+31,452,0.6664351933778441
28,2.53706284034917e+28,2.190676153566424e+28,3250.0,3500.0,3000.0,42.32481255290419,10.296746383459366,1.2515968673296743e+31,8.322606086620794e+30,18.0,5.674417561692452e+31,452,0.6649590058800136
29,1.4266952797331432e+29,4.76337656086982e+28,3410.0,3500.0,3000.0,326.84243684214334,65.64541976926628,2.119406124116829e+32,1.3462558337431063e+32,4.666666666666667,4.579392444175378e+32,452,0.6352042765301059
30,1.4266952797331432e+29,4.76337656086982e+28,3410.0,3500.0,3000.0,130.7972978625286,26.932559390100124,8.481536142800906e+31,5.430453226068336e+31,5.8,2.4542086736769903e+32,452,0.6402676513590858
31,1.3011615595745358e+28,1.1235132039949538e+28,3200.0,3500.0,3000.0,119.78873167594622,27.37655678302307,2.39125717738441e+31,1.4051192104886662e+31,2.2,1.4511460317673392e+32,452,0.5876068972328626
32,1.3011615595745358e+28,1.1235132039949538e+28,3200.0,3500.0,3000.0,1951.4800217106176,334.8137235569456,3.8956006488670736e+32,2.0671447377492277e+32,2.142857142857143,6.898296942562096e+32,452,0.5306356898647706
33,1.3011615595745358e+28,1.1235132039949538e+28,3200.0,3500.0,3000.0,465.90867025371165,176.61132901714257,9.300603121533249e+31,6.865101834269411e+31,6.333333333333334,2.500844824073381e+32,452,0.7381351235571986
34,1.4266952797331432e+29,4.76337656086982e+28,3410.0,3500.0,3000.0,161.63499050986997,35.999113761544926,1.0481202871573153e+32,6.886942131370471e+31,31.0,2.3313079714188132e+32,452,0.6570755490335042
35,1.4266952797331432e+29,4.76337656086982e+28,3410.0,3500.0,3000.0,238.0333879809732,48.56632219546341,1.5435248406093835e+32,9.853685614006476e+31,,4.249100348335974e+32,452,0.6383885347848527
36,1.4266952797331432e+29,4.76337656086982e+28,3410.0,3500.0,3000.0,153.20187259741874,32.71611257360246,9.934358284262699e+31,6.436530523151295e+31,23.0,3.0026724655101688e+32,452,0.6479060185847724
37,1.4266952797331432e+29,4.76337656086982e+28,3410.0,3500.0,3000.0,209.63053839248488,48.637927554959404,1.3593468802997649e+32,9.058339028955224e+31,16.5,3.599048418116884e+32,452,0.6663743567026591
38,1.4266952797331432e+29,4.76337656086982e+28,3410.0,3500.0,3000.0,733.2357107969615,151.71999355022768,4.754658761263584e+32,3.049045821699847e+32,4.25,1.4793957087510327e+33,452,0.6412754258077485
39,1.4266952797331432e+29,4.76337656086982e+28,3410.0,3500.0,3000.0,102.31330980820762,22.75377836244197,6.634495124967741e+31,4.357205479172137e+31,40.0,2.057913622659567e+32,452,0.6567501214635866
40,2.4228762028039462e+29,8.089374008782233e+28,3500.0,3500.0,3000.0,174.84822413055934,36.61058138349312,1.5582745714248227e+32,8.332958436004785e+31,1.8888888888888888,3.720176254181919e+32,452,0.5347554653597066
41,2.4228762028039462e+29,8.089374008782233e+28,3500.0,3500.0,3000.0,16.351192551327443,27.090793541295835,1.4572437147648035e+31,2.888517843157676e+31,6.0,1.653351893849348e+32,452,1.982178968343588
42,2.4228762028039462e+29,8.089374008782233e+28,3500.0,3500.0,3000.0,74.19899889228668,16.63185328601157,6.61273019923231e+31,3.6338442686994784e+31,5.25,1.5830827500000716e+32,452,0.5495225359597071
43,2.4228762028039462e+29,8.089374008782233e+28,3500.0,3500.0,3000.0,82.16166564420874,18.448423379424245,7.322375446242937e+31,4.026637482320608e+31,6.0,1.5547544289024187e+32,452,0.5499086344154408
44,2.4228762028039462e+29,8.089374008782233e+28,3500.0,3500.0,3000.0,37.697661598772044,8.148036335783042,3.359674241111012e+31,1.8193047134659813e+31,6.0,1.653351893849348e+32,452,0.5415122368722137
45,1.3011615595745358e+28,1.1235132039949538e+28,3200.0,3500.0,3000.0,555.8191413158839,122.40674773504043,1.1095421851487337e+32,6.427513756769573e+31,2.5,2.8911229592853322e+32,452,0.5792942208779531
46,1.3011615595745358e+28,1.1235132039949538e+28,3200.0,3500.0,3000.0,187.26426150022337,42.39695819498583,3.738223145991607e+31,2.1886112321511258e+31,11.0,8.49165573780315e+31,452,0.5854683218945645
47,2.4228762028039462e+29,8.089374008782233e+28,3500.0,3500.0,3000.0,20.997528931880737,4.500611375761523,1.871332440464181e+31,1.0099779437065833e+31,,4.088188366824491e+31,452,0.5397105943698918
48,1.3011615595745358e+28,1.1235132039949538e+28,3200.0,3500.0,3000.0,91.40096391934496,20.250531833553644,1.8245723778363953e+31,1.0593898839317833e+31,,8.801652650986488e+31,452,0.5806236556030863
49,1.3011615595745358e+28,1.1235132039949538e+28,3200.0,3500.0,3000.0,1262.2047368965668,250.48518734389083,2.519649464690498e+32,1.4047476214755516e+32,5.0,4.423451889021369e+32,452,0.5575170836900935
50,1.3011615595745358e+28,1.1235132039949538e+28,3200.0,3500.0,3000.0,101.53040231486177,440.9276939470344,2.0267791457624358e+31,9.529674296219884e+31,33.0,7.747003175410878e+31,452,4.701880970180894
51,1.3011615595745358e+28,1.1235132039949538e+28,3200.0,3500.0,3000.0,2298.42923483315,591.2119724264038,4.5881906650227605e+32,2.8276602265669505e+32,2.875,9.226197945333272e+32,452,0.6162909157466157
52,1.3011615595745358e+28,1.1235132039949538e+28,3200.0,3500.0,3000.0,200.93401593200062,44.19368136479622,4.011102722732576e+31,2.322459869484832e+31,17.0,9.580902154905702e+31,452,0.5790078265317148
53,1.3011615595745358e+28,1.1235132039949538e+28,3200.0,3500.0,3000.0,71.68290705468101,50.65391864121544,1.4309548451852035e+31,1.5249761571954679e+31,29.0,5.393797722155543e+31,452,1.0657052962409135
54,1.3011615595745358e+28,1.1235132039949538e+28,3200.0,3500.0,3000.0,250.7694449274938,48.196081341698886,5.005931915814629e+31,2.75956683012842e+31,,1.4302163905047726e+32,452,0.5512593612011497
55,1.3011615595745358e+28,1.1235132039949538e+28,3200.0,3500.0,3000.0,14.559720226005664,121.50234996714057,2.906453303581987e+30,2.529825939274707e+31,,1.4302163905047726e+32,452,8.704168534746062
56,1.3011615595745358e+28,1.1235132039949538e+28,3200.0,3500.0,3000.0,33.044461702287876,106.14603234392372,6.596430658616536e+30,2.35577345075942e+31,,1.4302163905047726e+32,452,3.571285097467385
57,1.3011615595745358e+28,1.1235132039949538e+28,3200.0,3500.0,3000.0,119.04110561996498,27.811039987126208,2.376332850635538e+31,1.4084336626902844e+31,,1.4302163905047726e+32,452,0.5926920811255906
58,1.3011615595745358e+28,1.1235132039949538e+28,3200.0,3500.0,3000.0,109.99333012704453,26.46894294359166,2.1957185492391637e+31,1.3167897783800044e+31,,1.4302163905047726e+32,452,0.5997079083001252
59,2.0152606473591297e+27,1.1600772812766656e+27,3030.0,3500.0,3000.0,996.1954294180922,222.32201874117555,7.990698550128725e+31,4.324708667889953e+31,1.6666666666666667,1.7156442228872823e+32,452,0.5412178473207808
60,2.53706284034917e+28,2.190676153566424e+28,3250.0,3500.0,3000.0,73.19263118829397,19.557669871779996,2.164396305178654e+31,1.4910266222569504e+31,19.0,7.662345540668258e+31,452,0.688887990932824
61,2.53706284034917e+28,2.190676153566424e+28,3250.0,3500.0,3000.0,1753.3825545924042,391.6590764045237,5.184968296824207e+32,3.3445805999388584e+32,1.3636363636363638,7.059843060107455e+32,452,0.6450532401494941
62,1.3011615595745358e+28,1.1235132039949538e+28,3200.0,3500.0,3000.0,294.25040756861296,56.687397803269484,5.873911420568312e+31,3.240735353469035e+31,1.875,1.0365054371513184e+32,452,0.5517167559117683
63,2.4228762028039462e+29,8.089374008782233e+28,3500.0,3500.0,3000.0,24.956836960183605,5.749424078974416,2.2241921307253526e+31,1.2360842243016678e+31,4.333333333333333,1.0116005455794699e+32,452,0.555745255648646
64,1.3011615595745358e+28,1.1235132039949538e+28,3200.0,3500.0,3000.0,1241.7265078978048,278.95330986582866,2.478770233907855e+32,1.4468981430359264e+32,7.0,6.164303020560601e+32,452,0.5837161198901636
65,2.53706284034917e+28,2.190676153566424e+28,3250.0,3500.0,3000.0,141.8945120139191,33.68978361199301,4.195995587834163e+31,2.765615040207032e+31,,7.330952278419141e+31,452,0.6591081859632157
66,2.53706284034917e+28,2.190676153566424e+28,3250.0,3500.0,3000.0,205.1555574716233,49.92852211085303,6.066702663497981e+31,4.034653953227535e+31,36.0,1.1589388726184987e+32,452,0.6650489033364306
67,2.53706284034917e+28,2.190676153566424e+28,3250.0,3500.0,3000.0,100.14744308954735,27.754941284389137,2.961483311598354e+31,2.069545537106747e+31,,7.330952278419141e+31,452,0.6988205974356089
68,2.53706284034917e+28,2.190676153566424e+28,3250.0,3500.0,3000.0,156.43367011128223,37.410090379979806,4.625936410502305e+31,3.056926460370842e+31,,7.330952278419141e+31,452,0.6608232775164558
69,2.53706284034917e+28,2.190676153566424e+28,3250.0,3500.0,3000.0,108.93570828780193,111.72174862044199,3.221363143969711e+31,4.662133587040781e+31,,7.330952278419141e+31,452,1.447254897594562
70,2.53706284034917e+28,2.190676153566424e+28,3250.0,3500.0,3000.0,718.1929057190243,129.96523524795833,2.123784930678088e+32,1.279880442304263e+32,6.25,7.897709628582637e+32,452,0.6026412673978335
71,2.53706284034917e+28,2.190676153566424e+28,3250.0,3500.0,3000.0,274.80675295906997,68.04671817171273,8.12637435061744e+31,5.438953303924161e+31,,1.8549479548677326e+32,452,0.6692964253499977
72,2.53706284034917e+28,2.190676153566424e+28,3250.0,3500.0,3000.0,875.6130709935439,193.49409453325467,2.589295759499441e+32,1.664039625995982e+32,10.0,1.3261934637348764e+33,452,0.6426610864715091
73,2.53706284034917e+28,2.190676153566424e+28,3250.0,3500.0,3000.0,991.02087262991,202.46304819975225,2.9305708515342403e+32,1.834470743108531e+32,6.0,9.493969524866432e+32,452,0.6259772706563745
74,1.3011615595745358e+28,1.1235132039949538e+28,3200.0,3500.0,3000.0,1470.5321359309971,286.2730885346984,2.9355186213441865e+32,1.625513169725517e+32,3.0,9.415179483072248e+32,452,0.5537396894389951
75,1.3011615595745358e+28,1.1235132039949538e+28,3200.0,3500.0,3000.0,469.1496125002351,101.90905265437492,9.365299744496523e+31,5.397103863002116e+31,14.0,2.7166861183477257e+32,452,0.5762873597477433
76,1.3011615595745358e+28,1.1235132039949538e+28,3200.0,3500.0,3000.0,547.958913559402,108.13979594244041,1.0938513720183217e+32,6.086372290833663e+31,14.0,2.7166861183477257e+32,452,0.5564167533659882
77,1.4266952797331432e+29,4.76337656086982e+28,3410.0,3500.0,3000.0,727.3866155878884,146.00510269972074,4.716730368835647e+32,2.995513213934772e+32,1.8181818181818181,3.938813718773519e+32,452,0.6350825634907411
78,1.4266952797331432e+29,4.76337656086982e+28,3410.0,3500.0,3000.0,42.33577742172453,8.180596773223703,2.745258749254329e+31,1.7228921824597363e+31,,1.3541931509004114e+32,452,0.6275882675641087
79,1.4266952797331432e+29,4.76337656086982e+28,3410.0,3500.0,3000.0,2624.64992885925,587.4279193244471,1.7019513092095006e+33,1.1201714080117444e+33,1.1666666666666667,2.357105655297845e+33,452,0.6581688923474706
80,1.4266952797331432e+29,4.76337656086982e+28,3410.0,3500.0,3000.0,479.61124965586674,106.00156342186617,3.110033781221956e+32,2.038230833278018e+32,3.2,4.690186936083069e+32,452,0.6553725704153547
81,1.4266952797331432e+29,4.76337656086982e+28,3410.0,3500.0,3000.0,65.8816247741724,14.518739304706456,4.272086585885593e+31,2.7970766540208206e+31,,1.3541931509004114e+32,452,0.654733137493512
82,1.3011615595745358e+28,1.1235132039949538e+28,3200.0,3500.0,3000.0,475.6676476134982,106.829916762792,9.495414639520192e+31,5.542055478363659e+31,3.666666666666667,3.069305112110512e+32,452,0.5836559738315652
83,2.53706284034917e+28,2.190676153566424e+28,3250.0,3500.0,3000.0,135.54217617762035,29.850029031765587,4.0081491886800096e+31,2.572857731426579e+31,3.5,8.370275647248014e+31,452,0.6419066781977468
84,2.53706284034917e+28,2.190676153566424e+28,3250.0,3500.0,3000.0,128.2755942552713,25.294556687460357,3.7932674060651813e+31,2.347535490979667e+31,3.5,8.370275647248014e+31,452,0.6188689695923136
85,2.53706284034917e+28,2.190676153566424e+28,3250.0,3500.0,3000.0,587.5738185654582,122.30511230967174,1.737528192764555e+32,1.094351847085797e+32,1.1111111111111112,2.7418202451552786e+32,452,0.6298325699939235
86,2.53706284034917e+28,2.190676153566424e+28,3250.0,3500.0,3000.0,87.24038210344642,19.375379110275905,2.5798056118697464e+31,1.6608057771115055e+31,,5.623802325439244e+31,452,0.643771673908336
87,2.53706284034917e+28,2.190676153566424e+28,3250.0,3500.0,3000.0,142.365331689146,32.25724928748852,4.209918305858125e+31,2.7291241638930906e+31,,9.087440686523294e+31,452,0.648260599284195
88,2.53706284034917e+28,2.190676153566424e+28,3250.0,3500.0,3000.0,37.95726916331122,23.449651023141104,1.1224432268378653e+31,1.1667467256762975e+31,36.0,8.0910072382729525e+31,452,1.039470592168161
89,2.53706284034917e+28,2.190676153566424e+28,3250.0,3500.0,3000.0,376.5729205447276,84.51987427513846,1.1135725340445178e+32,7.195067383251802e+31,9.333333333333334,2.3534011586205817e+32,452,0.6461247169162095
90,2.53706284034917e+28,2.190676153566424e+28,3250.0,3500.0,3000.0,5478.330464970819,1067.0707348636145,1.620009832195633e+33,9.986714041171025e+32,2.6153846153846154,1.9110023349632476e+33,452,0.6164600882474783
91,2.53706284034917e+28,2.190676153566424e+28,3250.0,3500.0,3000.0,180.55406768845864,41.94027796398831,5.339206292291038e+31,3.491661198027981e+31,16.5,1.45270965142952e+32,452,0.653966340103656
92,2.4228762028039462e+29,8.089374008782233e+28,3500.0,3500.0,3000.0,38.88356270098916,8.799368677170493,3.465363592032284e+31,1.91174066666133e+31,21.0,5.984324474662047e+31,452,0.5516710197616458
93,1.3011615595745358e+28,1.1235132039949538e+28,3200.0,3500.0,3000.0,151.0108961068376,33.855924287163155,3.014523020041605e+31,1.7582561354715574e+31,,3.1013288739395545e+31,452,0.5832618041998866
94,1.3011615595745358e+28,1.1235132039949538e+28,3200.0,3500.0,3000.0,112.0344068303014,25.251468819616868,2.2364631105010573e+31,1.3071162186871966e+31,13.333333333333334,7.663320081483561e+31,452,0.5844568651947719
95,1.4266952797331432e+29,4.76337656086982e+28,3410.0,3500.0,3000.0,72.27816840761655,107.96737322545748,4.686869741980152e+31,9.036906822197633e+31,25.0,1.2365323468995913e+32,452,1.9281327025699755
96,1.4266952797331432e+29,4.76337656086982e+28,3410.0,3500.0,3000.0,36.98084963027256,9.809000487846133,2.398019055869956e+31,1.6776598544849235e+31,25.0,1.2365323468995913e+32,452,0.6996023865524705
97,1.4266952797331432e+29,4.76337656086982e+28,3410.0,3500.0,3000.0,65.7602186961421,15.78415506881026,4.264214022341873e+31,2.8757128947084255e+31,25.0,1.2365323468995913e+32,452,0.674382870944434
98,2.4228762028039462e+29,8.089374008782233e+28,3500.0,3500.0,3000.0,183.73633161150497,34.44395314459357,1.637486767857006e+32,8.397598312818663e+31,1.875,3.040127562138359e+32,452,0.5128345753785039
99,2.4228762028039462e+29,8.089374008782233e+28,3500.0,3500.0,3000.0,1984.7250675673404,367.2313241701453,1.7688178529913136e+33,9.028034983098895e+32,1.5,1.0818800565631918e+33,452,0.5103993589747666
100,2.4228762028039462e+29,8.089374008782233e+28,3500.0,3500.0,3000.0,295.1118492341958,57.67030253040832,2.6300827055836808e+32,1.3697181517079618e+32,1.125,3.739494537363846e+32,452,0.5207890036309666
101,2.4228762028039462e+29,8.089374008782233e+28,3500.0,3500.0,3000.0,34.78107913009696,8.265130961466816,3.099743874703276e+31,1.745166683519373e+31,14.0,8.373062142588183e+31,452,0.5630035106324485
102,1.4266952797331432e+29,4.76337656086982e+28,3410.0,3500.0,3000.0,94.21144255032736,25.82136700020435,6.109130449283772e+31,4.327927107076009e+31,,1.5306896528358284e+32,452,0.7084358638279544
103,1.4266952797331432e+29,4.76337656086982e+28,3410.0,3500.0,3000.0,191.96725258571666,42.71313907878017,1.2448095011497897e+32,8.176645681977426e+31,2.3000000000000003,2.2486363619217447e+32,452,0.6568591960797959
104,1.4266952797331432e+29,4.76337656086982e+28,3410.0,3500.0,3000.0,67.38754573881741,15.240620498673314,4.369737862315344e+31,2.8863024728018883e+31,22.0,8.554728695731709e+31,452,0.660520736882957
105,,,,3500.0,3000.0,,,,,5.8,1.3459714406941719e+32,452,
106,2.53706284034917e+28,2.190676153566424e+28,3250.0,3500.0,3000.0,119.87259223705033,26.52510833593678,3.5447802807170354e+31,2.279142416041183e+31,,2.9274309692385067e+31,452,0.6429573162656388
107,2.4228762028039462e+29,8.089374008782233e+28,3500.0,3500.0,3000.0,73.5305622757035,16.68138902393964,6.553158088196567e+31,3.6188759604484563e+31,8.25,1.7760082524718093e+32,452,0.5522338865846548
108,1.3011615595745358e+28,1.1235132039949538e+28,3200.0,3500.0,3000.0,126.71119076366983,30.487433015990476,2.5294453003161176e+31,1.516838152551129e+31,15.0,1.1588034039738825e+32,452,0.5996722492324946
109,1.3011615595745358e+28,1.1235132039949538e+28,3200.0,3500.0,3000.0,2513.133629967828,511.87902120856563,5.016789765037166e+32,2.8231891091799527e+32,2.5555555555555554,1.130918376347718e+33,452,0.5627481400267602
110,1.3011615595745358e+28,1.1235132039949538e+28,3200.0,3500.0,3000.0,466.67204994614514,76.91177193636489,9.3158419269122e+31,4.880342294076163e+31,6.333333333333334,2.619270799969659e+32,452,0.5238756016219551
111,1.4266952797331432e+29,4.76337656086982e+28,3410.0,3500.0,3000.0,19.097258199851943,30.427430261012628,1.23835957085814e+31,2.5109534338280225e+31,,6.078265562302791e+31,452,2.0276448722304616
112,2.53706284034917e+28,2.190676153566424e+28,3250.0,3500.0,3000.0,115.76830619627933,25.612085689135295,3.4234114844622858e+31,2.2009644402990274e+31,2.2,7.504696319601412e+31,452,0.6429155391598309
113,2.53706284034917e+28,2.190676153566424e+28,3250.0,3500.0,3000.0,24.50753382296871,46.2837404023686,7.247179776747518e+30,1.674266181521505e+31,,5.205860300341685e+30,452,2.3102313356339885
114,2.53706284034917e+28,2.190676153566424e+28,3250.0,3500.0,3000.0,90.69707938496916,20.348135950075285,2.6820244104398063e+31,1.7326749991794607e+31,5.0,6.7876716053424665e+31,452,0.6460325239528045
115,1.4266952797331432e+29,4.76337656086982e+28,3410.0,3500.0,3000.0,84.13958339442978,21.475854924311925,5.456021869428176e+31,3.7624605923250698e+31,7.6000000000000005,1.1798551860218266e+32,452,0.6895977843137565
116,1.4266952797331432e+29,4.76337656086982e+28,3410.0,3500.0,3000.0,555.6991423605685,145.1101055292801,3.603424869991051e+32,2.5061376002926638e+32,3.8333333333333335,5.960896744326269e+32,452,0.6954876792807637
117,1.3011615595745358e+28,1.1235132039949538e+28,3200.0,3500.0,3000.0,106.68043441480434,22.583159853688972,2.1295855704607335e+31,1.215474515311885e+31,5.333333333333333,4.242286399460868e+31,452,0.5707563631964873
118,2.0152606473591297e+27,1.1600772812766656e+27,3030.0,3500.0,3000.0,46941.32862867068,9372.325084461549,3.7652652836736917e+33,1.9493048415572074e+33,14.0,9.596482676050946e+31,452,0.5177071719247657
119,1.4266952797331432e+29,4.76337656086982e+28,3410.0,3500.0,3000.0,80.77239226263764,19.286548932223614,5.237676737298382e+31,3.5256555580352488e+31,16.5,1.1640989603467338e+32,452,0.6731334778506775
120,1.4266952797331432e+29,4.76337656086982e+28,3410.0,3500.0,3000.0,52.226675873967736,11.927401312599862,3.3866329525321745e+31,2.244438665629953e+31,38.0,9.49239305451859e+31,452,0.6627345499463689
121,1.4266952797331432e+29,4.76337656086982e+28,3410.0,3500.0,3000.0,33.91960501239946,10.188868532987366,2.1995129911977763e+31,1.6160698605621044e+31,,4.867290576369473e+31,452,0.7347398569726339
122,1.4266952797331432e+29,4.76337656086982e+28,3410.0,3500.0,3000.0,152.3386219063824,28.428179260860524,9.878380889805989e+31,6.134165795319968e+31,1.5,1.73676434183966e+32,452,0.62096874616873
123,1.3011615595745358e+28,1.1235132039949538e+28,3200.0,3500.0,3000.0,9178.496205666577,1748.3416361271236,1.832237859297996e+33,1.0069043456449577e+33,10.0,9.090605761600333e+31,452,0.5495489248490605
124,1.3011615595745358e+28,1.1235132039949538e+28,3200.0,3500.0,3000.0,591.5165890606428,152.30182568109356,1.1808024589154525e+32,7.2801597323807145e+31,5.111111111111111,2.4982454169379517e+32,452,0.6165434088837705
125,2.4228762028039462e+29,8.089374008782233e+28,3500.0,3500.0,3000.0,50.77188840344743,11.211426439710323,4.52486967115174e+31,2.471439077467187e+31,6.5,9.89555172024102e+31,452,0.5461901131039909
126,2.4228762028039462e+29,8.089374008782233e+28,3500.0,3500.0,3000.0,270.4488853334531,52.31075849366506,2.4102825349293957e+32,1.2504365601212587e+32,1.8333333333333335,3.864559026700971e+32,452,0.5187925241128993
127,2.4228762028039462e+29,8.089374008782233e+28,3500.0,3500.0,3000.0,101.48688355016253,22.939704477896317,9.044668926764952e+31,4.987291009492922e+31,3.0,1.390497633683066e+32,452,0.5514066960189717
128,2.4228762028039462e+29,8.089374008782233e+28,3500.0,3500.0,3000.0,118.17592550102188,25.835441389848466,1.0532022305547196e+32,5.729304567782004e+31,1.7272727272727273,2.809359496962115e+32,452,0.5439890271372091
129,2.53706284034917e+28,2.190676153566424e+28,3250.0,3500.0,3000.0,428.7995439632443,94.72076239388386,1.268013095783844e+32,8.147964882848793e+31,3.0,3.9459009515259044e+32,452,0.642577344819297
130,1.3011615595745358e+28,1.1235132039949538e+28,3200.0,3500.0,3000.0,998.6071342380385,155.30697346666628,1.9934483350185484e+32,1.025808897448309e+32,1.5454545454545454,4.0802351810868076e+32,452,0.5145901598893278
131,1.3011615595745358e+28,1.1235132039949538e+28,3200.0,3500.0,3000.0,51.86277347412852,79.18530373782411,1.0352996277192779e+31,1.9524613284257777e+31,18.0,6.603296407394007e+31,452,1.8858901096361533
132,1.3011615595745358e+28,1.1235132039949538e+28,3200.0,3500.0,3000.0,796.1934987657796,176.46064634253977,1.589384403585586e+32,9.22950621697212e+31,5.666666666666666,3.5990009716075456e+32,452,0.5806969161236724
133,1.3011615595745358e+28,1.1235132039949538e+28,3200.0,3500.0,3000.0,324.41755031914295,71.84942375816286,6.476116616450441e+31,3.759635834197925e+31,,9.712604813338293e+31,452,0.5805386247443118
134,1.4266952797331432e+29,4.76337656086982e+28,3410.0,3500.0,3000.0,52.973678921320285,12.940835594043259,3.4350722815430998e+31,2.3311946588716277e+31,3.666666666666667,1.2888654566896146e+32,452,0.6786450088393513
135,2.4228762028039462e+29,8.089374008782233e+28,3500.0,3500.0,3000.0,99.60228566626039,22.272183521029493,8.876710631823799e+31,4.873151821416018e+31,,2.3198909842606926e+32,452,0.5489817144591077
136,2.4228762028039462e+29,8.089374008782233e+28,3500.0,3500.0,3000.0,104.48411438460711,22.868243833628846,9.311786800980131e+31,5.067834614184533e+31,8.75,2.5060581244921224e+32,452,0.5442386861403558
137,1.4266952797331432e+29,4.76337656086982e+28,3410.0,3500.0,3000.0,847.2776924615177,163.53805355277288,5.494162715161147e+32,3.4468886037871445e+32,26.0,1.2707339582431484e+33,452,0.6273728650728622
138,1.4266952797331432e+29,4.76337656086982e+28,3410.0,3500.0,3000.0,29.12558923319228,257.25430016310213,1.8886455744776014e+31,1.7501972693972525e+32,,1.680838969307492e+32,452,9.266943957345498
139,1.4266952797331432e+29,4.76337656086982e+28,3410.0,3500.0,3000.0,625.9573773538124,130.78188913071742,4.059013608567975e+32,2.6111145900949464e+32,20.0,1.0279609974046304e+33,452,0.6432879615341203
140,1.4266952797331432e+29,4.76337656086982e+28,3410.0,3500.0,3000.0,411.33252378234346,158.6682441634408,2.6672811473798246e+32,2.1874346381648656e+32,5.625,1.113893570078038e+33,452,0.8200990136767805
141,2.53706284034917e+28,2.190676153566424e+28,3250.0,3500.0,3000.0,172.69460534946134,37.90448942896145,5.106792305103525e+31,3.274313671583104e+31,29.0,1.3651654929851342e+32,452,0.6411683647895539
142,2.53706284034917e+28,2.190676153566424e+28,3250.0,3500.0,3000.0,1051.4789433843996,174.35015288732376,3.1093528174709633e+32,1.8267261924440578e+32,3.5,7.587910968735592e+32,452,0.5874940219649476
143,2.53706284034917e+28,2.190676153566424e+28,3250.0,3500.0,3000.0,739.0556990162303,189.66896426931544,2.185478781541316e+32,1.4824467780540357e+32,,4.814611418125623e+31,452,0.6783167105418133
144,1.3011615595745358e+28,1.1235132039949538e+28,3200.0,3500.0,3000.0,404.55844781029646,72.89484096506317,8.075912303795799e+31,4.35493789255053e+31,2.3333333333333335,4.363351071783791e+31,452,0.5392502702764175
145,1.3011615595745358e+28,1.1235132039949538e+28,3200.0,3500.0,3000.0,95.7828693777851,21.103091881519653,1.9120452371906527e+31,1.1078175122220404e+31,2.3333333333333335,4.408228299688566e+31,452,0.5793887564343115
146,1.3011615595745358e+28,1.1235132039949538e+28,3200.0,3500.0,3000.0,78.27304898297646,92.8482639275927,1.5625091572272502e+31,2.414508590254081e+31,2.0,5.079947409364705e+31,452,1.5452764414761868
147,2.0152606473591297e+27,1.1600772812766656e+27,3030.0,3500.0,3000.0,81.49846986633152,243.3747534506348,6.53716816768581e+30,2.160073939964303e+31,10.666666666666666,2.0388622924041412e+32,452,3.30429611806817
148,1.4266952797331432e+29,4.76337656086982e+28,3410.0,3500.0,3000.0,222.90154926090426,41.570439052601614,1.4454026017645193e+32,8.9738375609534e+31,13.333333333333334,4.69888827507277e+32,452,0.6208538403070754
149,1.4266952797331432e+29,4.76337656086982e+28,3410.0,3500.0,3000.0,1779.2742874157664,454.16955400251925,1.1537684205475076e+33,7.956531060332532e+32,2.3333333333333335,2.41706388708094e+33,452,0.6896124836348746
150,1.4266952797331432e+29,4.76337656086982e+28,3410.0,3500.0,3000.0,90.63514497874378,234.49998494284725,5.877225833466116e+31,1.775893934641148e+32,11.0,2.636928645993948e+32,452,3.02165338709438
151,1.4266952797331432e+29,4.76337656086982e+28,3410.0,3500.0,3000.0,77.025697293912,19.17366764415502,4.9947227213316605e+31,3.412807010842506e+31,11.0,2.636928645993948e+32,452,0.6832825766817754
152,1.4266952797331432e+29,4.76337656086982e+28,3410.0,3500.0,3000.0,427.46362677650575,76.29373514015583,2.77188310422761e+32,1.6987126463276405e+32,5.25,6.410337160673473e+32,452,0.6128370434297191
153,1.4266952797331432e+29,4.76337656086982e+28,3410.0,3500.0,3000.0,145.380129182986,28.318317032460694,9.427158207859348e+31,5.931050069890553e+31,,2.962662368283602e+32,452,0.6291450656833024
154,1.4266952797331432e+29,4.76337656086982e+28,3410.0,3500.0,3000.0,282.27334035438565,46.45434224714326,1.830398316700042e+32,1.096278947831312e+32,,1.683477137058212e+32,452,0.598929171770521
155,1.4266952797331432e+29,4.76337656086982e+28,3410.0,3500.0,3000.0,93.50758993000244,20.910064640379833,6.063489204884631e+31,3.9896296620715757e+31,11.0,2.636928645993948e+32,452,0.6579758827405194
156,1.3011615595745358e+28,1.1235132039949538e+28,3200.0,3500.0,3000.0,744.757066812916,359.28837278353956,1.4867055160429207e+32,1.2510480419424308e+32,6.666666666666667,3.768303890202086e+32,452,0.841490146126769
157,6.372813724560243e+27,2.274461611803033e+27,3100.0,3500.0,3000.0,8491.915158830101,1590.1017736554622,1.2700549433400867e+33,7.304946932626268e+32,1.5,2.0549544540387115e+33,452,0.5751677886796901
158,6.372813724560243e+27,2.274461611803033e+27,3100.0,3500.0,3000.0,1177.3140922241769,232.71155577922696,1.760796657440061e+32,1.0310908120038965e+32,2.25,4.378128005774416e+32,452,0.585581990769423
159,1.3011615595745358e+28,1.1235132039949538e+28,3200.0,3500.0,3000.0,750.0403259198578,129.86522473786013,1.4972521101028968e+32,7.9685387254380845e+31,7.666666666666667,3.790776751667117e+32,452,0.5322108863076144
160,1.3011615595745358e+28,1.1235132039949538e+28,3200.0,3500.0,3000.0,958.2811130162339,246.44308734370097,1.912948369510224e+32,1.1788325880151568e+32,3.8333333333333335,6.895537924637147e+32,452,0.6162385806141625
161,1.3011615595745358e+28,1.1235132039949538e+28,3200.0,3500.0,3000.0,1541.1171321243708,318.18020268813115,3.0764224245663963e+32,1.7398009146900305e+32,15.333333333333334,8.340836082547643e+32,452,0.5655273153638013
162,1.3011615595745358e+28,1.1235132039949538e+28,3200.0,3500.0,3000.0,2791.5859002505626,715.0660230486733,5.5726442102397756e+32,3.42838560196789e+32,14.666666666666668,1.57737815873913e+33,452,0.6152170267156488
163,2.4228762028039462e+29,8.089374008782233e+28,3500.0,3500.0,3000.0,109.8811438807082,17.927039280354315,9.792778464854523e+31,4.783967298352638e+31,5.166666666666667,2.4177559060071632e+32,452,0.4885199144984136
164,2.4228762028039462e+29,8.089374008782233e+28,3500.0,3500.0,3000.0,611.1217224491902,49.29969143169396,5.446411851611552e+32,2.2114685143030123e+32,2.272727272727273,1.0719909474401623e+33,452,0.40604136715233086
165,2.4228762028039462e+29,8.089374008782233e+28,3500.0,3500.0,3000.0,383.4352829042774,73.9898549761669,3.41723488532927e+32,1.7712766758189288e+32,6.5,6.282319275790939e+32,452,0.5183362382911691
166,2.4228762028039462e+29,8.089374008782233e+28,3500.0,3500.0,3000.0,44.335665159046826,26.520350571282485,3.9512634439432854e+31,3.649159638301139e+31,,2.474362208331333e+31,452,0.9235424795313946
167,2.0152606473591297e+27,1.1600772812766656e+27,3030.0,3500.0,3000.0,4424.265445682074,911.3131799665889,3.548798803749491e+32,1.859667926515431e+32,,3.442755744583225e+33,452,0.5240274327613599
168,2.4228762028039462e+29,8.089374008782233e+28,3500.0,3500.0,3000.0,25.31568876913103,5.9397052889509645,2.25617356213955e+31,1.2634481975084266e+31,,4.0490727225645193e+31,452,0.5599960121464622
169,,,,3500.0,3000.0,,,,,1.5,5.859057953841288e+33,452,
170,2.4228762028039462e+29,8.089374008782233e+28,3500.0,3500.0,3000.0,84.01868915654235,17.943921004158494,7.4878762702974445e+31,4.035524539290178e+31,2.571428571428571,1.970340113819352e+32,452,0.5389411354589427
171,2.4228762028039462e+29,8.089374008782233e+28,3500.0,3500.0,3000.0,142.19086552527105,41.64179548022779,1.2672271116203503e+32,7.834365354597156e+31,3.5,3.2786551047496714e+32,452,0.6182289885338454
172,2.4228762028039462e+29,8.089374008782233e+28,3500.0,3500.0,3000.0,121.18050306238834,30.361982568266573,1.0799794931493625e+32,6.219842284118513e+31,2.2,2.4876088423667736e+32,452,0.5759222581144234
173,2.4228762028039462e+29,8.089374008782233e+28,3500.0,3500.0,3000.0,70.89050219451644,15.67352515202468,6.317871827097589e+31,3.452498345291144e+31,9.0,1.3001589797402925e+32,452,0.5464653984405397
174,2.4228762028039462e+29,8.089374008782233e+28,3500.0,3500.0,3000.0,99.94092779979036,21.23064407795023,8.906890945528259e+31,4.790147991250159e+31,10.5,1.8838520837579978e+32,452,0.5378024745722381
175,2.4228762028039462e+29,8.089374008782233e+28,3500.0,3500.0,3000.0,66.75788523444741,15.731392467217546,5.9495665752520825e+31,3.3378198897025028e+31,4.6000000000000005,1.8549899651245374e+32,452,0.5610189998690921
176,2.4228762028039462e+29,8.089374008782233e+28,3500.0,3500.0,3000.0,93.31923586113447,20.527415978888406,8.3167554597877e+31,4.535462504216567e+31,3.75,1.7928118429061917e+32,452,0.5453403705502654
177,2.4228762028039462e+29,8.089374008782233e+28,3500.0,3500.0,3000.0,277.3905819099772,60.6076572505647,2.472148014613462e+32,1.3445090173183746e+32,4.25,1.701050522975106e+32,452,0.5438626689707323
178,2.4228762028039462e+29,8.089374008782233e+28,3500.0,3500.0,3000.0,244.0937743987154,52.58561706658697,2.1754016866914623e+32,1.176462832740834e+32,2.0,4.0024980304127955e+32,452,0.5408025745029644
179,2.4228762028039462e+29,8.089374008782233e+28,3500.0,3500.0,3000.0,28.638588160796072,8.72012276045117,2.5523155247578402e+31,1.6075991995064492e+31,11.666666666666666,9.58651111152233e+31,452,0.6298591157372582
180,2.4228762028039462e+29,8.089374008782233e+28,3500.0,3500.0,3000.0,39.140270220076644,12.178852338389419,3.4882417654467814e+31,2.2203693911658785e+31,11.666666666666666,9.58651111152233e+31,452,0.6365296732468567
181,2.4228762028039462e+29,8.089374008782233e+28,3500.0,3500.0,3000.0,123.80012674982274,24.448386250019134,1.1033259869392168e+32,5.768775995742397e+31,4.4,1.8230454422420676e+32,452,0.5228532694807454
182,1.3011615595745358e+28,1.1235132039949538e+28,3200.0,3500.0,3000.0,1210.1038562679119,226.4789758874529,2.415644185555936e+32,1.3194809123510156e+32,4.5,4.345250400183269e+32,452,0.5462232063151927
183,1.4266952797331432e+29,4.76337656086982e+28,3410.0,3500.0,3000.0,55.432152579711286,60.65198442990058,3.5944917308017754e+31,5.494263716498689e+31,,4.621975970922342e+31,452,1.5285231203670502
184,1.4266952797331432e+29,4.76337656086982e+28,3410.0,3500.0,3000.0,1061.440521141278,208.7698635240563,6.882899181109381e+32,4.343401146999336e+32,1.4,9.898131064521602e+32,452,0.6310423896546555
185,1.3011615595745358e+28,1.1235132039949538e+28,3200.0,3500.0,3000.0,2212.219172330336,412.62813355629885,4.416095654216324e+32,2.4093724577103307e+32,1.5,7.287522764262413e+32,452,0.5455888292206604
186,1.4266952797331432e+29,4.76337656086982e+28,3410.0,3500.0,3000.0,114.76082970499613,25.60172030076151,7.441653159714041e+31,4.892474681966399e+31,12.0,2.6828561921838718e+32,452,0.657444599602167
187,1.4266952797331432e+29,4.76337656086982e+28,3410.0,3500.0,3000.0,101.79811273909053,24.61757025145535,6.60108722867485e+31,4.463551902696148e+31,8.25,1.5892784486587907e+32,452,0.6761843538904718
188,1.4266952797331432e+29,4.76337656086982e+28,3410.0,3500.0,3000.0,288.2683286190985,55.4808232142865,1.8692727510146335e+32,1.1716964445458208e+32,15.0,3.407110081921066e+32,452,0.6268194108697239
189,2.53706284034917e+28,2.190676153566424e+28,3250.0,3500.0,3000.0,113.597164415395,24.99096192985745,3.3592081463355835e+31,2.1555237938857564e+31,1.3636363636363638,5.911307225292454e+31,452,0.6416761629484392
190,2.53706284034917e+28,2.190676153566424e+28,3250.0,3500.0,3000.0,537.3075141877296,137.30104125105413,1.5888845360141177e+32,1.076016628163146e+32,1.4615384615384615,2.096944376837889e+32,452,0.6772151177595609
191,1.3011615595745358e+28,1.1235132039949538e+28,3200.0,3500.0,3000.0,182.89888142667496,39.179877755012605,3.6510801711321475e+31,2.0931008169794787e+31,4.333333333333333,8.814437116064796e+31,452,0.573282622914971
192,2.53706284034917e+28,2.190676153566424e+28,3250.0,3500.0,3000.0,28.76190210923268,232.83073966548596,8.505248908866882e+30,7.243741081229322e+31,9.333333333333334,1.855831312159369e+32,452,8.516789054436238
193,2.53706284034917e+28,2.190676153566424e+28,3250.0,3500.0,3000.0,1125.5878596913406,239.42306687555873,3.32850201600557e+32,2.1115656108429127e+32,4.666666666666667,8.027085729087279e+32,452,0.6343891638608457
194,2.53706284034917e+28,2.190676153566424e+28,3250.0,3500.0,3000.0,43.19620178945766,148.10620794130955,1.2773649209349177e+31,4.918322088122896e+31,9.333333333333334,1.855831312159369e+32,452,3.850365707963172
195,2.53706284034917e+28,2.190676153566424e+28,3250.0,3500.0,3000.0,158.23313244161528,43.41756468911004,4.679148729226871e+31,3.2570134395916065e+31,37.0,8.214515324395094e+31,452,0.6960696545608112
196,1.4266952797331432e+29,4.76337656086982e+28,3410.0,3500.0,3000.0,147.0607970746987,34.56368716972093,9.536140929219453e+31,6.383367803285153e+31,,2.946712122551053e+32,452,0.6693868988162742
197,1.4266952797331432e+29,4.76337656086982e+28,3410.0,3500.0,3000.0,125.40243582208274,29.478143160395007,8.131706917509436e+31,5.443570554905733e+31,4.0,1.6516839980649572e+32,452,0.6694253260879919
198,2.4228762028039462e+29,8.089374008782233e+28,3500.0,3500.0,3000.0,194.6381148789863,35.58663858359945,1.734645156129888e+32,8.815560994610357e+31,1.75,2.9343890610869438e+32,452,0.508205436913592
199,2.53706284034917e+28,2.190676153566424e+28,3250.0,3500.0,3000.0,746.0807844924209,169.55524130975067,2.206252825050033e+32,1.4317280152029056e+32,37.0,6.261994306771909e+31,452,0.6489410456258281
200,2.53706284034917e+28,2.190676153566424e+28,3250.0,3500.0,3000.0,33.85164622544369,8.21529670706317,1.0010348968884095e+31,6.650526526280246e+30,6.5,4.3021870473108965e+31,452,0.6643651032499034
201,1.3011615595745358e+28,1.1235132039949538e+28,3200.0,3500.0,3000.0,240.442828358727,53.114694888570995,4.799789020379675e+31,2.7837345900537594e+31,11.0,9.159378601781694e+31,452,0.5799701983220836
202,2.53706284034917e+28,2.190676153566424e+28,3250.0,3500.0,3000.0,528.2090155476296,117.65495456938532,1.5619791542569787e+32,1.006575272451498e+32,4.333333333333333,2.52281348686604e+32,452,0.6444229871494784
203,2.53706284034917e+28,2.190676153566424e+28,3250.0,3500.0,3000.0,445.6942857226455,88.74189102212063,1.3179729292360997e+32,8.181832818703978e+31,3.2,4.435512660112031e+32,452,0.6207891404451067
204,2.53706284034917e+28,2.190676153566424e+28,3250.0,3500.0,3000.0,209.72639088296972,45.487016155386506,6.201867840463058e+31,3.96030957459102e+31,10.399999999999999,1.6893021073922363e+32,452,0.6385672311094146
205,2.4228762028039462e+29,8.089374008782233e+28,3500.0,3500.0,3000.0,145.08048197311683,31.9420152705821,1.2929798228888773e+32,7.0536975912768485e+31,,4.175134152242505e+31,452,0.5455381024830629
206,1.3011615595745358e+28,1.1235132039949538e+28,3200.0,3500.0,3000.0,383.4140839471342,76.59882418474774,7.653822419867533e+31,4.2773195089703425e+31,3.8333333333333335,1.7149088088710583e+32,452,0.558847497933506
207,1.3011615595745358e+28,1.1235132039949538e+28,3200.0,3500.0,3000.0,20.286571324909694,36.338485371761344,4.0496638211715896e+30,8.708092024133373e+30,,2.041885878652335e+31,452,2.150324671052343
208,1.3011615595745358e+28,1.1235132039949538e+28,3200.0,3500.0,3000.0,436.90494782403636,220.48941824688617,8.721622457321468e+31,7.533116297311386e+31,40.0,4.841149709700887e+31,452,0.863728776861652
209,1.3011615595745358e+28,1.1235132039949538e+28,3200.0,3500.0,3000.0,448.65139052594077,92.8930663021408,8.956108331131784e+31,5.070197191214726e+31,6.0,2.324642564113135e+32,452,0.5661161079964299
210,1.3011615595745358e+28,1.1235132039949538e+28,3200.0,3500.0,3000.0,1582.7979647893853,314.1704884631878,3.1596269037149042e+32,1.761672553967325e+32,6.2,6.745819342186838e+32,452,0.5575571444514711
211,1.3011615595745358e+28,1.1235132039949538e+28,3200.0,3500.0,3000.0,26.438789628296355,586.6841803628276,5.27778736576399e+30,1.1901066351258468e+32,,2.041885878652335e+31,452,22.54934791132064
212,1.4266952797331432e+29,4.76337656086982e+28,3410.0,3500.0,3000.0,169.3508212652825,36.73897110597681,1.0981535053454674e+32,7.152240873688616e+31,,1.1597274185234256e+32,452,0.6512970034584188
213,1.3011615595745358e+28,1.1235132039949538e+28,3200.0,3500.0,3000.0,349.2110117136203,74.11586417807541,6.971050836741982e+31,3.9825935002636854e+31,18.5,1.4800136868657514e+32,452,0.5713046129677927
214,1.3011615595745358e+28,1.1235132039949538e+28,3200.0,3500.0,3000.0,309.28965574215545,533.1882882561681,6.174129225985399e+31,1.2860581602159434e+32,8.75,1.708502973710463e+32,452,2.08297901314284
215,1.3011615595745358e+28,1.1235132039949538e+28,3200.0,3500.0,3000.0,305.00296423970093,67.99534134491729,6.088557055055272e+31,3.5435398509171045e+31,8.75,1.708502973710463e+32,452,0.5819999416733619
216,1.3011615595745358e+28,1.1235132039949538e+28,3200.0,3500.0,3000.0,38.340673876266,69.29286045511557,7.653675793178634e+30,1.6580619523849257e+31,25.0,9.375228701468036e+31,452,2.1663603178262125
217,6.372813724560243e+27,2.274461611803033e+27,3100.0,3500.0,3000.0,637.9696158484544,155.43218053662284,9.541504468124381e+31,6.025981027043094e+31,5.5,3.462911825921987e+32,452,0.6315545988763395
218,6.372813724560243e+27,2.274461611803033e+27,3100.0,3500.0,3000.0,2299.715735929626,474.62719374028984,3.439465990963563e+32,2.044088553677795e+32,2.25,1.3805178617864601e+33,452,0.5943040457583201
219,2.4228762028039462e+29,8.089374008782233e+28,3500.0,3500.0,3000.0,177.96115827184843,34.3201678171579,1.5860175247148079e+32,8.219100614670361e+31,2.857142857142857,1.2445723729630059e+32,452,0.5182225597506113
220,2.53706284034917e+28,2.190676153566424e+28,3250.0,3500.0,3000.0,307.93391476203124,74.04501244078966,9.105985350294852e+31,6.029412437381983e+31,20.5,2.0382187250595594e+32,452,0.6621372872279825
221,2.53706284034917e+28,2.190676153566424e+28,3250.0,3500.0,3000.0,147.90765366244233,33.39578136849466,4.37381159684056e+31,2.8319024523546025e+31,,8.72606794526104e+31,452,0.647467864047971
222,2.53706284034917e+28,2.190676153566424e+28,3250.0,3500.0,3000.0,95.64742008150955,21.25829972920949,2.8284120855242507e+31,1.8213183907410962e+31,,4.3017786920737945e+31,452,0.6439367163160428
223,2.53706284034917e+28,2.190676153566424e+28,3250.0,3500.0,3000.0,49.722760037633826,14.057561326715112,1.4703632915160398e+31,1.0357219253601616e+31,,3.126160673875844e+31,452,0.7043986553093727
224,1.3011615595745358e+28,1.1235132039949538e+28,3200.0,3500.0,3000.0,1291.519488861445,256.3233511178348,2.578168417231787e+32,1.4374141313759241e+32,31.0,5.9030309303605824e+32,452,0.5575330617536981
225,1.3011615595745358e+28,1.1235132039949538e+28,3200.0,3500.0,3000.0,361.75092427113697,370.1170303999438,7.221376184438739e+31,9.98133753173969e+31,9.666666666666666,2.9889027360341267e+32,452,1.3821932657723
226,1.4266952797331432e+29,4.76337656086982e+28,3410.0,3500.0,3000.0,64.30204202295604,22.546742912456136,4.169658719148871e+31,3.27316139069494e+31,5.0,2.7195457327907656e+32,452,0.7849950346447231
227,2.53706284034917e+28,2.190676153566424e+28,3250.0,3500.0,3000.0,5281.816973010297,969.0104741349762,1.561898370835144e+33,9.451693465890968e+32,1.6666666666666667,2.1182885612537622e+33,452,0.6051413870697084
228,1.3011615595745358e+28,1.1235132039949538e+28,3200.0,3500.0,3000.0,112.59271149487222,26.55336702467984,2.2476081490839327e+31,1.3371068964804977e+31,,4.799676534192691e+31,452,0.5949021394256236
229,1.3011615595745358e+28,1.1235132039949538e+28,3200.0,3500.0,3000.0,82.37588989828376,21.342385234391838,1.6444112497624286e+31,1.01649593909264e+31,,4.282569010981508e+31,452,0.6181519004078179
230,1.4266952797331432e+29,4.76337656086982e+28,3410.0,3500.0,3000.0,57.07389853628982,143.11720330166077,3.700950563633728e+31,1.088795274297031e+32,14.0,9.027979037418444e+31,452,2.9419341209140937
231,2.53706284034917e+28,2.190676153566424e+28,3250.0,3500.0,3000.0,171.0157791091421,34.54063278373267,5.057147344229854e+31,3.1539060073975295e+31,1.125,8.730856988822847e+31,452,0.6236531769231718
232,1.3011615595745358e+28,1.1235132039949538e+28,3200.0,3500.0,3000.0,95.37330852079864,21.388761590469755,1.9038694653534987e+31,1.1105844869715011e+31,5.0,6.684067523907338e+31,452,0.5833301637438125
233,1.3011615595745358e+28,1.1235132039949538e+28,3200.0,3500.0,3000.0,1190.8483600145091,197.6562967454456,2.377205809111139e+32,1.248142314042608e+32,1.875,3.9090389537019664e+32,452,0.525045963314931
234,1.3011615595745358e+28,1.1235132039949538e+28,3200.0,3500.0,3000.0,73.76608058748786,90.0466229713639,1.4725397554882643e+31,2.326276422375782e+31,5.0,6.684067523907338e+31,452,1.579771557070414
235,1.4266952797331432e+29,4.76337656086982e+28,3410.0,3500.0,3000.0,74.13534691394963,17.695911844662422,4.807298274392591e+31,3.235572984609135e+31,,2.1842902066652085e+32,452,0.6730543436100715
236,2.53706284034917e+28,2.190676153566424e+28,3250.0,3500.0,3000.0,86.68329165780196,183.83930696697382,2.563331760846393e+31,6.517260115091723e+31,8.5,9.445041257251254e+31,452,2.5424957528477594
237,2.53706284034917e+28,2.190676153566424e+28,3250.0,3500.0,3000.0,939.237603898404,182.6390738399206,2.777441344242432e+32,1.7112771863963043e+32,1.5384615384615383,4.133273410853406e+32,452,0.6161344108827861
238,6.372813724560243e+27,2.274461611803033e+27,3100.0,3500.0,3000.0,1102.4577133521993,214.86008686548598,1.6488410947092726e+32,9.609623911920038e+31,18.0,5.280448720853204e+32,452,0.58281079618618
239,2.53706284034917e+28,2.190676153566424e+28,3250.0,3500.0,3000.0,663.4143728182255,131.2406696121623,1.9617980581081092e+32,1.2153454653288958e+32,2.4166666666666665,5.49674226581164e+32,452,0.6195058968000678
240,2.53706284034917e+28,2.190676153566424e+28,3250.0,3500.0,3000.0,220.0499234853981,179.94360662113917,6.507147422004607e+31,8.065086891718248e+31,41.0,6.388164786598902e+31,452,1.239419728596482
241,2.53706284034917e+28,2.190676153566424e+28,3250.0,3500.0,3000.0,518.8586376644854,101.6625887291408,1.5343289345371303e+32,9.476243364139748e+31,7.3999999999999995,3.720787179769166e+32,452,0.6176148510813622
242,2.4228762028039462e+29,8.089374008782233e+28,3500.0,3500.0,3000.0,16.720546871249148,4.372743073801356,1.490161146293884e+31,8.745602097913334e+30,,2.740721777898394e+31,452,0.5868896877135836
243,2.4228762028039462e+29,8.089374008782233e+28,3500.0,3500.0,3000.0,18.5605408956782,5.352073916601092,1.6541442758966456e+31,1.0151949782138606e+31,,2.740721777898394e+31,452,0.6137281934875747
244,2.4228762028039462e+29,8.089374008782233e+28,3500.0,3500.0,3000.0,18.006904695779884,88.3382848100865,1.6048033565700856e+31,8.395001097827508e+31,,2.740721777898394e+31,452,5.231171198301814
245,2.4228762028039462e+29,8.089374008782233e+28,3500.0,3500.0,3000.0,62.694915577126466,12.033407808448784,5.587468399365187e+31,2.8904336635864363e+31,3.75,8.473237834143366e+31,452,0.5173064896286177
246,2.4228762028039462e+29,8.089374008782233e+28,3500.0,3500.0,3000.0,7.381286915331427,2.9283268514082206,6.578317716262948e+30,4.750161264983308e+30,,2.740721777898394e+31,452,0.7220936217841739
247,1.4266952797331432e+29,4.76337656086982e+28,3410.0,3500.0,3000.0,65.35392840021274,16.870300907232966,4.237868173568942e+31,2.9347003967404155e+31,18.5,6.718477698335919e+31,452,0.6924944987774224
248,1.4266952797331432e+29,4.76337656086982e+28,3410.0,3500.0,3000.0,194.8477830275151,38.22919498590248,1.2634882685645642e+32,7.967017359137538e+31,3.625,2.8161883568782564e+32,452,0.6305572878954216
249,1.4266952797331432e+29,4.76337656086982e+28,3410.0,3500.0,3000.0,75.2073251778827,17.787563911085623,4.876810584955774e+31,3.271709309902055e+31,3.666666666666667,1.2306931763099841e+32,452,0.6708706956950072
250,1.4266952797331432e+29,4.76337656086982e+28,3410.0,3500.0,3000.0,38.52673245680333,11.834640039543613,2.498261654761689e+31,1.8525532970730124e+31,37.0,5.082892868403785e+31,452,0.7415369377110856
251,2.4228762028039462e+29,8.089374008782233e+28,3500.0,3500.0,3000.0,24.058697883411906,6.308948814193789,2.1441485791310706e+31,1.2599061250035098e+31,24.0,5.1522341371625e+31,452,0.5876020613805105
252,2.4228762028039462e+29,8.089374008782233e+28,3500.0,3500.0,3000.0,244.7987199397644,45.04099483928528,2.1816842710089084e+32,1.1112681537578169e+32,1.3333333333333333,3.2034974297233258e+32,452,0.5093624996635818
253,2.4228762028039462e+29,8.089374008782233e+28,3500.0,3500.0,3000.0,60.786061278662444,73.19903202362417,5.417348335026965e+31,8.286257179785243e+31,1.3333333333333333,1.1233751493252147e+32,452,1.5295780642733947
254,2.4228762028039462e+29,8.089374008782233e+28,3500.0,3500.0,3000.0,95.76407298027658,19.457284864757412,8.534643146836207e+31,4.510984990325719e+31,1.2666666666666666,1.467207340122218e+32,452,0.5285499244333304
255,2.53706284034917e+28,2.190676153566424e+28,3250.0,3500.0,3000.0,214.2577017797352,47.00903448414125,6.335864287965325e+31,4.061821128733905e+31,7.0,1.5887612527763462e+32,452,0.6410839854081379
256,2.53706284034917e+28,2.190676153566424e+28,3250.0,3500.0,3000.0,394.0635125942561,81.0071025042451,1.1652943702359201e+32,7.309290933264376e+31,4.0,2.323910431467918e+32,452,0.6272484549791973
257,2.4228762028039462e+29,8.089374008782233e+28,3500.0,3500.0,3000.0,50.427337578676386,74.19175433174583,4.494162765692794e+31,8.074352743719144e+31,,8.990443174061396e+31,452,1.7966311334686271
258,2.4228762028039462e+29,8.089374008782233e+28,3500.0,3500.0,3000.0,438.61809039890943,77.67648407372367,3.909032649511922e+32,1.964148994644824e+32,1.5,4.7528526539675025e+32,452,0.5024642080925228
259,2.53706284034917e+28,2.190676153566424e+28,3250.0,3500.0,3000.0,154.42700729830625,31.063884416899146,4.566596918156807e+31,2.8442390632921015e+31,3.0,1.0658330622672344e+32,452,0.6228355850684776
260,2.53706284034917e+28,2.190676153566424e+28,3250.0,3500.0,3000.0,86.54392655201926,21.209958858907438,2.5592105629179987e+31,1.7063720448537963e+31,4.333333333333333,8.332934867735756e+31,452,0.6667571905096389
261,1.4266952797331432e+29,4.76337656086982e+28,3410.0,3500.0,3000.0,168.64610471474685,33.59369847955145,1.0935837787597698e+32,6.92843709580463e+31,9.666666666666666,3.7886766809539125e+32,452,0.6335533893582576
262,1.4266952797331432e+29,4.76337656086982e+28,3410.0,3500.0,3000.0,2423.015907221055,466.3032987913888,1.571201953520205e+33,9.848363880747893e+32,2.4,1.8447949725936125e+33,452,0.6268044574844813
263,2.4228762028039462e+29,8.089374008782233e+28,3500.0,3500.0,3000.0,96.33633619316959,24.946290032901754,8.585644134535526e+31,5.016767888355272e+31,10.333333333333334,9.114689054906859e+31,452,0.5843205017286305
264,1.3011615595745358e+28,1.1235132039949538e+28,3200.0,3500.0,3000.0,224.65906262197177,50.382176842240455,4.484708940842036e+31,2.6160525562639346e+31,37.0,1.2085288533050955e+32,452,0.5833271658813052
265,1.3011615595745358e+28,1.1235132039949538e+28,3200.0,3500.0,3000.0,366.6167911179807,78.31184947008875,7.318510020475909e+31,4.191115942546645e+31,12.0,2.2523950039650413e+32,452,0.5726733899141542
266,1.3011615595745358e+28,1.1235132039949538e+28,3200.0,3500.0,3000.0,1027.1913863105071,216.1559943964361,2.0505090426261414e+32,1.1677660584779728e+32,4.0,5.7818854032221956e+32,452,0.5695005650803586
267,2.4228762028039462e+29,8.089374008782233e+28,3500.0,3500.0,3000.0,839.5418864464856,168.0437040560175,7.482127884345699e+32,3.932095661880892e+32,3.0625000000000004,1.8610010559052154e+33,452,0.5255317367814207
268,2.4228762028039462e+29,8.089374008782233e+28,3500.0,3500.0,3000.0,29.786057823838004,75.85770213061568,2.654579806038987e+31,7.6242784917487e+31,,1.0543488358410442e+32,452,2.872122538717423
269,2.4228762028039462e+29,8.089374008782233e+28,3500.0,3500.0,3000.0,70.9645994447641,15.594044893935504,6.32447548929934e+31,3.4475635782305845e+31,17.666666666666668,1.4326624394242652e+32,452,0.5451145449237126
270,2.4228762028039462e+29,8.089374008782233e+28,3500.0,3500.0,3000.0,77.60044661836612,17.93390022532415,6.915872511597037e+31,3.848518296851742e+31,5.666666666666666,2.1079321173813957e+32,452,0.5564761771415345
271,1.3011615595745358e+28,1.1235132039949538e+28,3200.0,3500.0,3000.0,6179.887215204259,1086.6404928903814,1.2336468924940394e+33,6.598796557696941e+32,2.428571428571429,1.3761452594423016e+33,452,0.5349015668783703
272,1.3011615595745358e+28,1.1235132039949538e+28,3200.0,3500.0,3000.0,1084.0960185282465,241.06571674836428,2.1641037090971055e+32,1.2582796104371358e+32,3.0,8.13883012407593e+32,452,0.5814322137833716
273,2.53706284034917e+28,2.190676153566424e+28,3250.0,3500.0,3000.0,64.27803877780514,359.20484126928113,1.9007808214587355e+31,1.1423650726997146e+32,,2.01980520387468e+31,452,6.009977898572323
274,2.53706284034917e+28,2.190676153566424e+28,3250.0,3500.0,3000.0,1342.3595036528716,301.4206528880294,3.969522481646213e+32,2.5652055009811897e+32,1.2727272727272727,1.736464000261022e+32,452,0.6462252104231352
275,2.53706284034917e+28,2.190676153566424e+28,3250.0,3500.0,3000.0,402.8377228484825,492.1196918596421,1.191240791271465e+32,1.9575807665149542e+32,2.5,1.8986108414843595e+32,452,1.6433124023779777
276,2.53706284034917e+28,2.190676153566424e+28,3250.0,3500.0,3000.0,203.29976744270442,44.73989191728089,6.011824665309254e+31,3.8580788202295742e+31,3.0,1.0952604970772232e+32,452,0.6417483933775223
277,2.53706284034917e+28,2.190676153566424e+28,3250.0,3500.0,3000.0,28.02501858426997,58.50017029420384,8.287343369349758e+30,2.0793826672356016e+31,,2.01980520387468e+31,452,2.5091064464953554
278,6.372813724560243e+27,2.274461611803033e+27,3100.0,3500.0,3000.0,269.10089173517366,64.63567598593208,4.024685967924432e+31,2.527946007369105e+31,8.0,1.4651656614968117e+32,452,0.6281101252410981
279,2.4228762028039462e+29,8.089374008782233e+28,3500.0,3500.0,3000.0,59.40972919094867,13.541112717766552,5.294687478459217e+31,2.92954038239835e+31,,6.01146240664888e+31,452,0.5532980736477505
280,1.3011615595745358e+28,1.1235132039949538e+28,3200.0,3500.0,3000.0,94.87652649887033,22.344531554572367,1.8939525594900556e+31,1.1261030130851527e+31,,1.0184356227798563e+32,452,0.5945782577512684
281,1.3011615595745358e+28,1.1235132039949538e+28,3200.0,3500.0,3000.0,963.1600995531857,189.24358782418616,1.9226879430173625e+32,1.0681464541237502e+32,3.0,4.484667088901323e+32,452,0.5555485267398406
282,1.3011615595745358e+28,1.1235132039949538e+28,3200.0,3500.0,3000.0,117.70035717312902,26.7579150208588,2.3495684438194063e+31,1.3778006751041673e+31,7.0,5.2380797211488565e+31,452,0.5864058477328054
283,1.3011615595745358e+28,1.1235132039949538e+28,3200.0,3500.0,3000.0,46.90510849232066,80.15717810818576,9.363332908614355e+30,1.9363266622194945e+31,,4.792383509376409e+31,452,2.067988697099572
284,1.3011615595745358e+28,1.1235132039949538e+28,3200.0,3500.0,3000.0,104.52351739209695,125.55592087736653,2.086528571363987e+31,3.25558611254214e+31,10.0,5.816752796875422e+31,452,1.5602882976167094
285,1.3011615595745358e+28,1.1235132039949538e+28,3200.0,3500.0,3000.0,78.81152608157498,157.18413998062735,1.5732583922251145e+31,3.702659576491409e+31,,4.792383509376409e+31,452,2.35349742597248
286,1.3011615595745358e+28,1.1235132039949538e+28,3200.0,3500.0,3000.0,222.5170731906437,50.62092401361777,4.441949930625607e+31,2.605465165258397e+31,15.0,2.6937676376716532e+32,452,0.5865588775088786
287,6.372813724560243e+27,2.274461611803033e+27,3100.0,3500.0,3000.0,671.5045304095735,127.09332833367522,1.0043054274219055e+32,5.796704424517734e+31,2.375,2.6298314876127884e+32,452,0.5771854125490608
288,2.4228762028039462e+29,8.089374008782233e+28,3500.0,3500.0,3000.0,30.024369287222946,47.20389269246735,2.6758184943538597e+31,5.0775168666806185e+31,13.0,3.023788394043565e+32,452,1.897556533596912
289,2.4228762028039462e+29,8.089374008782233e+28,3500.0,3500.0,3000.0,49.62958510834807,11.997755817188265,4.423065824618018e+31,2.5083940016496497e+31,13.0,3.023788394043565e+32,452,0.567116588608825
290,2.4228762028039462e+29,8.089374008782233e+28,3500.0,3500.0,3000.0,79.1773585439697,20.307971644455296,7.056409355323272e+31,4.105825784154945e+31,13.0,3.023788394043565e+32,452,0.5818576527249738
291,2.4228762028039462e+29,8.089374008782233e+28,3500.0,3500.0,3000.0,34.76178675822058,61.89806383789777,3.0980245085120026e+31,6.524457657396706e+31,13.0,3.023788394043565e+32,452,2.106005823863039
292,2.4228762028039462e+29,8.089374008782233e+28,3500.0,3500.0,3000.0,61.073005381451395,13.82458452994985,5.442921239814517e+31,3.0030347310512146e+31,13.0,3.023788394043565e+32,452,0.5517321671098719
293,2.4228762028039462e+29,8.089374008782233e+28,3500.0,3500.0,3000.0,142.2954861547646,31.30225199858063,1.2681595069443344e+32,6.915922895909135e+31,15.0,3.9263849023805404e+32,452,0.5453511847711684
294,2.4228762028039462e+29,8.089374008782233e+28,3500.0,3500.0,3000.0,672.1625940836349,126.23791104207496,5.9904175946412144e+32,3.0741573407641905e+32,3.181818181818182,1.687660342934719e+33,452,0.5131791385485726
295,2.4228762028039462e+29,8.089374008782233e+28,3500.0,3500.0,3000.0,384.0965360611435,68.4255457523101,3.4231280763224455e+32,1.723604157245698e+32,6.166666666666666,1.0428315578846947e+33,452,0.5035172855984431
296,2.4228762028039462e+29,8.089374008782233e+28,3500.0,3500.0,3000.0,52.68748470459801,12.220175199594356,4.695590593256701e+31,2.61688789564283e+31,13.0,3.023788394043565e+32,452,0.5573075087510655
297,1.3011615595745358e+28,1.1235132039949538e+28,3200.0,3500.0,3000.0,165.70002658816128,36.427007901185185,3.307751675204456e+31,1.9148694527629035e+31,25.0,3.7421986670972917e+31,452,0.5789036302565075
298,1.4266952797331432e+29,4.76337656086982e+28,3410.0,3500.0,3000.0,102.66917839397959,23.815189154919413,6.657571383588043e+31,4.436055877239726e+31,,1.1251503057594462e+32,452,0.6663174334375594
299,1.3011615595745358e+28,1.1235132039949538e+28,3200.0,3500.0,3000.0,153.96137437213713,35.67559959188236,3.0734213173180167e+31,1.815729427387144e+31,,3.6864361866591074e+32,452,0.5907844190303261
300,1.3011615595745358e+28,1.1235132039949538e+28,3200.0,3500.0,3000.0,175.74852616299256,410.98730302572585,3.5083427190704335e+31,9.463975525717386e+31,,3.6864361866591074e+32,452,2.6975630043991115
301,1.3011615595745358e+28,1.1235132039949538e+28,3200.0,3500.0,3000.0,696.0206839061102,153.71272006517685,1.3894165442046323e+32,8.05738783844209e+31,,5.1358491750077724e+32,452,0.5799116090887286
302,1.3011615595745358e+28,1.1235132039949538e+28,3200.0,3500.0,3000.0,232.5730859863759,362.38314832788444,4.642690955572052e+31,8.901031907387327e+31,,3.6864361866591074e+32,452,1.9172139590089472
303,,,,3500.0,3000.0,,,,,,4.578719945611464e+31,452,
304,1.3011615595745358e+28,1.1235132039949538e+28,3200.0,3500.0,3000.0,72.99712167661372,126.00912400124713,1.457189576143217e+31,3.038658493954736e+31,,3.6864361866591074e+32,452,2.085287009805022
305,1.3011615595745358e+28,1.1235132039949538e+28,3200.0,3500.0,3000.0,661.8496350567015,123.51913465921376,1.3212033118941429e+32,7.209723877932838e+31,,5.1358491750077724e+32,452,0.5456937484963323
306,1.3011615595745358e+28,1.1235132039949538e+28,3200.0,3500.0,3000.0,103.218136694475,24.434346131656767,2.060470185748453e+31,1.227611405555363e+31,,3.6864361866591074e+32,452,0.5957918799535752
307,2.0152606473591297e+27,1.1600772812766656e+27,3030.0,3500.0,3000.0,849.9697433322046,2394.4099417872744,6.817790761864123e+31,2.137445518455325e+32,,1.5422788303923477e+33,452,3.1350999071595207
308,2.4228762028039462e+29,8.089374008782233e+28,3500.0,3500.0,3000.0,60.577902520492636,14.04661755710201,5.398796902703971e+31,3.008465900168664e+31,15.0,5.8608017502268575e+31,452,0.5572474672388367
309,1.4266952797331432e+29,4.76337656086982e+28,3410.0,3500.0,3000.0,204.74181342333856,44.56508333212884,1.3276459979454463e+32,8.656540905816856e+31,1.7,2.7141748265381063e+32,452,0.652021767791489
310,1.4266952797331432e+29,4.76337656086982e+28,3410.0,3500.0,3000.0,50.8869853973086,32.87928416308038,3.299760873493561e+31,3.5653276704992105e+31,3.75,1.4285178841726602e+32,452,1.080480618804503
311,1.4266952797331432e+29,4.76337656086982e+28,3410.0,3500.0,3000.0,190.90764365324196,41.780955678827205,1.237938478884892e+32,8.086353588907123e+31,2.2857142857142856,2.6262150614313397e+32,452,0.6532112642779417
312,,,,3500.0,3000.0,,,,,,2.2701180839354e+31,452,
313,1.4266952797331432e+29,4.76337656086982e+28,3410.0,3500.0,3000.0,70.81402751479231,23.654695234609772,4.5919276896321485e+31,3.528421909884354e+31,6.0,9.822941185389117e+31,452,0.768396662223357
314,1.4266952797331432e+29,4.76337656086982e+28,3410.0,3500.0,3000.0,46.30100248223234,10.220813982474866,3.002383324567683e+31,1.9668736931451413e+31,3.75,1.4285178841726602e+32,452,0.6551041224652265
315,,,,3500.0,3000.0,,,,,47.0,8.062831976808748e+31,452,
316,2.53706284034917e+28,2.190676153566424e+28,3250.0,3500.0,3000.0,89.10753432579119,27.802640473526562,2.6350196041205873e+31,1.9332929069246717e+31,24.500000000000004,1.5155856351938152e+32,452,0.7336920392931535
317,2.53706284034917e+28,2.190676153566424e+28,3250.0,3500.0,3000.0,83.67736356306423,156.87246440755868,2.474442762647301e+31,5.682334651453804e+31,24.500000000000004,1.5155856351938152e+32,452,2.2964098168811615
318,2.53706284034917e+28,2.190676153566424e+28,3250.0,3500.0,3000.0,548.979760048982,164.75016729993615,1.6234008054869826e+32,1.1717418905948756e+32,9.333333333333334,4.415300658663153e+32,452,0.7217822528080983
319,2.53706284034917e+28,2.190676153566424e+28,3250.0,3500.0,3000.0,659.757879451495,144.29386228308027,1.9509853566047266e+32,1.2493858667922281e+32,2.0,3.977886711095776e+32,452,0.6403871062192478
320,1.4266952797331432e+29,4.76337656086982e+28,3410.0,3500.0,3000.0,55.491502403941254,13.622640620484294,3.5983402635123243e+31,2.4463228171223544e+31,3.5,8.906364964421161e+31,452,0.679847551363725
321,1.3011615595745358e+28,1.1235132039949538e+28,3200.0,3500.0,3000.0,454.2030992033888,97.81900630902162,9.066933139408476e+31,5.208323707977116e+31,4.5,2.4549339331174072e+32,452,0.5744305850607503
322,1.3011615595745358e+28,1.1235132039949538e+28,3200.0,3500.0,3000.0,648.771430541459,120.26603339228004,1.2950962232082257e+32,7.051042707075238e+31,1.875,3.8554142179911126e+32,452,0.5444416083314892
323,1.3011615595745358e+28,1.1235132039949538e+28,3200.0,3500.0,3000.0,178.7197354014918,56.02365791804385,3.5676548540072357e+31,2.399385968043404e+31,3.25,1.690329001242783e+32,452,0.6725387029376967
324,1.3011615595745358e+28,1.1235132039949538e+28,3200.0,3500.0,3000.0,243.3698402797115,50.130696581341525,4.858218875729328e+31,2.7451473633748035e+31,,5.293348390629416e+31,452,0.5650522204936053
325,1.3011615595745358e+28,1.1235132039949538e+28,3200.0,3500.0,3000.0,103.37400484383868,24.346158643111472,2.063581670657566e+31,1.226968211690789e+31,,2.9378012638831244e+31,452,0.59458185209593
326,1.3011615595745358e+28,1.1235132039949538e+28,3200.0,3500.0,3000.0,257.3209716930943,57.32457064073032,5.136715380852469e+31,2.9887523330582045e+31,22.5,1.415354302623246e+32,452,0.5818411400014541
327,1.3011615595745358e+28,1.1235132039949538e+28,3200.0,3500.0,3000.0,379.94886901221753,96.57619797898025,7.584648800877099e+31,4.651275667272333e+31,15.5,1.5149424041541567e+32,452,0.6132486538776131
328,2.0152606473591297e+27,1.1600772812766656e+27,3030.0,3500.0,3000.0,1205.029032435195,269.72150972602606,9.665797952885143e+31,5.237670150480325e+31,6.0,3.569296609984173e+32,452,0.5418766433987928
329,2.0152606473591297e+27,1.1600772812766656e+27,3030.0,3500.0,3000.0,397.2291955444107,976.8628011624587,3.1862611121992724e+31,8.849007384506943e+31,10.0,1.6526600120105288e+32,452,2.7772386106796625
330,1.3011615595745358e+28,1.1235132039949538e+28,3200.0,3500.0,3000.0,406.8549496708,78.42839824827904,8.121755735644309e+31,4.481861200972183e+31,1.222222222222222,2.129562532098905e+32,452,0.5518340303319442
331,1.3011615595745358e+28,1.1235132039949538e+28,3200.0,3500.0,3000.0,1796.546565955808,352.15669262264134,3.586318020269836e+32,1.9907122218906316e+32,1.7692307692307694,5.607878426685419e+32,452,0.5550852463833783
332,2.53706284034917e+28,2.190676153566424e+28,3250.0,3500.0,3000.0,1523.44863876492,286.2695710567451,4.505025371187369e+32,2.7462126412865183e+32,3.8000000000000003,7.539365140623561e+32,452,0.6095887181569216
333,1.4266952797331432e+29,4.76337656086982e+28,3410.0,3500.0,3000.0,39.41025082173524,8.33464288830537,2.555553304264069e+31,1.6504814013420237e+31,5.666666666666666,8.764089658612994e+31,452,0.6458411172985955
334,1.4266952797331432e+29,4.76337656086982e+28,3410.0,3500.0,3000.0,319.34809962515175,56.240662164192074,2.070809178299906e+32,1.2641623656670976e+32,3.3333333333333335,4.019027510826907e+32,452,0.6104678204608646
335,1.4266952797331432e+29,4.76337656086982e+28,3410.0,3500.0,3000.0,483.2906781641231,93.88091428281678,3.133892994208472e+32,1.9699980352765547e+32,1.9000000000000001,5.975127786382516e+32,452,0.6286104978431523
336,1.4266952797331432e+29,4.76337656086982e+28,3410.0,3500.0,3000.0,291.20599680039743,54.889569519748484,1.8883220274617896e+32,1.1761366527724875e+32,3.2,2.967827759046416e+32,452,0.6228474993502064
337,1.4266952797331432e+29,4.76337656086982e+28,3410.0,3500.0,3000.0,230.3279043560578,47.377310543396185,1.4935587182731485e+32,9.559552946389317e+31,2.6666666666666665,3.011271266586471e+32,452,0.6400520334039538
338,1.4266952797331432e+29,4.76337656086982e+28,3410.0,3500.0,3000.0,152.4036563577131,30.079062846140946,9.882598041524737e+31,6.243048905948087e+31,1.3333333333333333,1.977896932840681e+32,452,0.6317214238316707
339,1.4266952797331432e+29,4.76337656086982e+28,3410.0,3500.0,3000.0,189.22366614001126,42.65223775418807,1.2270187455451852e+32,8.095421153602544e+31,3.5999999999999996,2.3385721839768554e+32,452,0.6597634455866126
340,1.3011615595745358e+28,1.1235132039949538e+28,3200.0,3500.0,3000.0,1478.5013257297664,291.78811982731924,2.9514269476430218e+32,1.6422345821468598e+32,3.166666666666667,7.958404375895248e+32,452,0.5564205420901002
341,2.53706284034917e+28,2.190676153566424e+28,3250.0,3500.0,3000.0,328.2574369042866,73.16704609027725,9.706976946289685e+31,6.2568759121408e+31,6.0,2.3245830691604642e+32,452,0.6445751284628709
342,1.4266952797331432e+29,4.76337656086982e+28,3410.0,3500.0,3000.0,61.817123475680255,15.550656547034128,4.0085244540298222e+31,2.749511160436038e+31,,1.677344383576741e+32,452,0.6859160252027198
343,1.4266952797331432e+29,4.76337656086982e+28,3410.0,3500.0,3000.0,4946.746001473792,983.0210519824842,3.2077119089151747e+33,2.0307309591644167e+33,,2.9888838452349658e+32,452,0.633077725440498
344,1.4266952797331432e+29,4.76337656086982e+28,3410.0,3500.0,3000.0,79.64848547328862,157.79561999001484,5.164797127315751e+31,1.2475605003374414e+32,,1.677344383576741e+32,452,2.415507268890199
345,1.3011615595745358e+28,1.1235132039949538e+28,3200.0,3500.0,3000.0,3505.532136930693,664.4199482655895,6.997844259394954e+32,3.8390261313175106e+32,9.333333333333334,1.37209935015449e+33,452,0.5486012533307564
346,1.3011615595745358e+28,1.1235132039949538e+28,3200.0,3500.0,3000.0,1300.9494487606592,222.43372800014487,2.5969927748954475e+32,1.3765218866256747e+32,12.333333333333332,8.236665697691362e+32,452,0.5300445576638511
347,2.53706284034917e+28,2.190676153566424e+28,3250.0,3500.0,3000.0,129.36486648372872,27.55600760260252,3.8254785282550888e+31,2.4279921613711506e+31,11.5,7.998227827509972e+31,452,0.6346897893787494
348,2.53706284034917e+28,2.190676153566424e+28,3250.0,3500.0,3000.0,356.79892907408987,65.90471914495836,1.055098404363923e+32,6.398020706494334e+31,10.0,2.1771825781938077e+32,452,0.6063908996575014
349,2.53706284034917e+28,2.190676153566424e+28,3250.0,3500.0,3000.0,130.42765576851406,46.84463603807651,3.8569065171636327e+31,3.011633223453819e+31,11.5,7.998227827509972e+31,452,0.7808416434393055
350,2.0152606473591297e+27,1.1600772812766656e+27,3030.0,3500.0,3000.0,6970.889323173601,1443.5708481903287,5.591500780156006e+32,2.9362780320311215e+32,3.0,1.1839842322858044e+33,452,0.5251323656167313
351,1.3011615595745358e+28,1.1235132039949538e+28,3200.0,3500.0,3000.0,548.7061616301191,114.10503646594454,1.0953430501481334e+32,6.210808258366192e+31,1.5,3.567378742915271e+32,452,0.5670194609374886
352,2.53706284034917e+28,2.190676153566424e+28,3250.0,3500.0,3000.0,101.78624831461661,35.7630548407591,3.0099448017300912e+31,2.3267905559147417e+31,,9.116047916503167e+31,452,0.7730342943755387
353,2.53706284034917e+28,2.190676153566424e+28,3250.0,3500.0,3000.0,366.40067379702293,70.55402058919877,1.0834919468069069e+32,6.655236115587217e+31,40.0,1.4970992753700374e+32,452,0.6142395552823865
354,2.53706284034917e+28,2.190676153566424e+28,3250.0,3500.0,3000.0,2016.0349667954345,378.4465731415297,5.961663848396917e+32,3.633026431762586e+32,6.142857142857142,1.0839226985125745e+33,452,0.6093980680811955
355,2.53706284034917e+28,2.190676153566424e+28,3250.0,3500.0,3000.0,150.41084886272932,34.124079349447335,4.447834163794111e+31,2.8846529431233367e+31,,9.116047916503167e+31,452,0.6485522699125673
356,1.4266952797331432e+29,4.76337656086982e+28,3410.0,3500.0,3000.0,19.555445184453323,32.04338423056572,1.2680706546004203e+31,2.6286450047600475e+31,7.5,4.406684295492249e+31,452,2.072948376514837
357,2.53706284034917e+28,2.190676153566424e+28,3250.0,3500.0,3000.0,159.5555628201975,36.88257007955322,4.718254625254791e+31,3.080255762196302e+31,12.0,1.274616348734783e+32,452,0.6528379680293249
358,1.3011615595745358e+28,1.1235132039949538e+28,3200.0,3500.0,3000.0,450.23155458531664,98.95757429940647,8.98765202139014e+31,5.202584931713692e+31,4.5,3.528326522875946e+32,452,0.5788591858398404
359,1.3011615595745358e+28,1.1235132039949538e+28,3200.0,3500.0,3000.0,168.83165829625057,637.1353424863609,3.370266209703003e+31,1.3928829193603585e+32,6.0,3.6697181009109605e+32,452,4.132857266141903
360,2.4228762028039462e+29,8.089374008782233e+28,3500.0,3500.0,3000.0,30.671047249853196,7.065589334171344,2.733451440303318e+31,1.5190808985630914e+31,15.0,6.682045924862315e+31,452,0.5557372910178812
361,2.4228762028039462e+29,8.089374008782233e+28,3500.0,3500.0,3000.0,59.029343621050245,12.561484791542757,5.260786924772892e+31,2.831204176135117e+31,15.0,1.0851771032080488e+32,452,0.5381712311523318
362,2.0152606473591297e+27,1.1600772812766656e+27,3030.0,3500.0,3000.0,396.90103449539004,1860.5199652027593,3.18362886159745e+31,1.5936175039919932e+32,,3.826330180166943e+32,452,5.005663578487486
363,2.4228762028039462e+29,8.089374008782233e+28,3500.0,3500.0,3000.0,252.81986539089408,48.35445256857745,2.253169966973782e+32,1.1640575443530481e+32,1.75,4.186893796573572e+32,452,0.516631040452082
364,2.4228762028039462e+29,8.089374008782233e+28,3500.0,3500.0,3000.0,2215.6255885157952,486.9719059334101,1.974599988962025e+33,1.0764736132158624e+33,1.8571428571428572,2.1834779924605034e+33,452,0.545160346011004
365,1.3011615595745358e+28,1.1235132039949538e+28,3200.0,3500.0,3000.0,146.89073385408884,56.36708069187116,2.932275153977487e+31,2.1780978673629307e+31,45.0,1.8889282727446104e+32,452,0.7428013242237681
366,1.4266952797331432e+29,4.76337656086982e+28,3410.0,3500.0,3000.0,32.95001100942929,70.94363424020104,2.1366397765792467e+31,5.528396424344187e+31,,3.570276066994831e+31,452,2.587425585231373
367,1.4266952797331432e+29,4.76337656086982e+28,3410.0,3500.0,3000.0,122.75047788684455,27.5713565843847,7.959741001970792e+31,5.24523059699774e+31,2.5,1.736749569636945e+32,452,0.6589700086597098
368,2.4228762028039462e+29,8.089374008782233e+28,3500.0,3500.0,3000.0,118.77759890595362,81.33252765909891,1.058564437530912e+32,1.069273826496259e+32,3.3333333333333335,2.0795073307927853e+32,452,1.0101168984954063
369,2.4228762028039462e+29,8.089374008782233e+28,3500.0,3500.0,3000.0,130.6223856319611,35.93826233445943,1.1641270193121576e+32,6.990600275857239e+31,3.8000000000000003,2.1967736204200454e+32,452,0.6005015054102725
370,2.4228762028039462e+29,8.089374008782233e+28,3500.0,3500.0,3000.0,106.96771204444418,133.48800124812652,9.533128887708131e+31,1.4998457661615888e+32,3.5999999999999996,2.0070916794460734e+32,452,1.573298529610217
371,2.4228762028039462e+29,8.089374008782233e+28,3500.0,3500.0,3000.0,36.9279615289708,118.57743914598113,3.2910773736072505e+31,1.1638625466739156e+32,,8.728845152439277e+31,452,3.536418061779693
372,2.4228762028039462e+29,8.089374008782233e+28,3500.0,3500.0,3000.0,140.1982771584949,31.175332152552375,1.2494688541447371e+32,6.843797722818664e+31,,3.816221918618731e+31,452,0.5477365602284862
373,2.53706284034917e+28,2.190676153566424e+28,3250.0,3500.0,3000.0,99.94324508346747,18.289275033154063,2.955444924909575e+31,1.7870878550362396e+31,3.75,6.26322525290526e+31,452,0.6046764194365482
374,2.53706284034917e+28,2.190676153566424e+28,3250.0,3500.0,3000.0,57.00406643400781,97.92815771845905,1.6856804949738937e+31,3.60667373823031e+31,8.5,1.1004539648027352e+32,452,2.1395951065365844
375,2.53706284034917e+28,2.190676153566424e+28,3250.0,3500.0,3000.0,163.95273540905112,39.5117232015455,4.848284437683091e+31,3.21283400666059e+31,7.333333333333334,1.3164506048934594e+32,452,0.6626744053399528
376,2.53706284034917e+28,2.190676153566424e+28,3250.0,3500.0,3000.0,146.03799123629503,32.31433298795175,4.318523374769759e+31,2.7766087640372934e+31,1.7999999999999998,1.274476192415848e+32,452,0.6429532789515879
377,2.53706284034917e+28,2.190676153566424e+28,3250.0,3500.0,3000.0,175.11335686597954,174.635879509194,5.1783177682615505e+31,7.3477902246047825e+31,,1.2720683099043226e+32,452,1.4189531337068875
378,2.53706284034917e+28,2.190676153566424e+28,3250.0,3500.0,3000.0,51.7439046617435,97.24284443088774,1.5301310288638171e+31,3.5208161105101837e+31,,1.2720683099043226e+32,452,2.3009899440602344
379,2.53706284034917e+28,2.190676153566424e+28,3250.0,3500.0,3000.0,426.2601456676095,94.54625546089608,1.260503782073958e+32,8.11113923803296e+31,9.5,2.5513253047255755e+32,452,0.6434839270920214
380,1.4266952797331432e+29,4.76337656086982e+28,3410.0,3500.0,3000.0,217.6914551284722,42.287191886331534,1.4116178046672108e+32,8.8735686938123e+31,1.7999999999999998,5.22476725549694e+32,452,0.6286098591611521
381,1.4266952797331432e+29,4.76337656086982e+28,3410.0,3500.0,3000.0,3807.8175887651187,975.8055550758357,2.4691750542315064e+33,1.7052634403112067e+33,1.8571428571428572,3.053534172994732e+33,452,0.6906207145535674
382,2.4228762028039462e+29,8.089374008782233e+28,3500.0,3500.0,3000.0,556.8879883092997,143.08708821353886,4.963072376796519e+32,2.8900519546103622e+32,5.833333333333333,1.5893943987305552e+33,452,0.5823110636310698
383,2.4228762028039462e+29,8.089374008782233e+28,3500.0,3500.0,3000.0,1164.2135564668017,220.8277471810798,1.0375652310861538e+33,5.343982886169272e+32,6.2,1.265029941071535e+33,452,0.5150503048926411
384,1.3011615595745358e+28,1.1235132039949538e+28,3200.0,3500.0,3000.0,536.7815885370413,106.16250530806714,1.0715388737476304e+32,5.966784324813779e+31,13.5,4.7472510911743874e+32,452,0.5568425440269262
385,1.3011615595745358e+28,1.1235132039949538e+28,3200.0,3500.0,3000.0,357.03184673443775,79.20683823669972,7.1271725989062315e+31,4.14027909586311e+31,7.0,2.910609133284943e+32,452,0.5809146668481826
386,1.3011615595745358e+28,1.1235132039949538e+28,3200.0,3500.0,3000.0,584.7914249117524,127.18868361039684,1.1673774924639948e+32,6.730639388706717e+31,12.0,3.392976078730877e+32,452,0.576560661153428
387,1.4266952797331432e+29,4.76337656086982e+28,3410.0,3500.0,3000.0,942.506400031643,150.12787813957016,6.1116722037265256e+32,3.628150028080431e+32,2.75,1.2133360359050459e+33,452,0.5936427719189857
388,1.4266952797331432e+29,4.76337656086982e+28,3410.0,3500.0,3000.0,689.3777797624098,153.9945736156491,4.470262498269692e+32,2.9402658087089183e+32,3.3333333333333335,8.02294762071307e+32,452,0.6577389604854321
389,1.3011615595745358e+28,1.1235132039949538e+28,3200.0,3500.0,3000.0,22016.9132643842,4347.799358299462,4.3950796648997795e+33,2.4460463846358325e+33,,9.040079997496414e+31,452,0.5565419903922514
390,1.3011615595745358e+28,1.1235132039949538e+28,3200.0,3500.0,3000.0,794.2178149787414,1222.4561644387793,1.58544048668297e+32,3.0095808853255665e+32,5.0,1.015797902705599e+33,452,1.8982616569999151
391,1.3011615595745358e+28,1.1235132039949538e+28,3200.0,3500.0,3000.0,392.8404625495785,86.54100096757963,7.841994505626114e+31,4.5433544106993725e+31,6.0,3.432954066294644e+32,452,0.5793621007308556
392,1.3011615595745358e+28,1.1235132039949538e+28,3200.0,3500.0,3000.0,3535.0454069006255,2766.6134499769173,7.056759499297987e+32,8.056639864284146e+32,,8.62511012583361e+34,452,1.1416911494696154
393,2.53706284034917e+28,2.190676153566424e+28,3250.0,3500.0,3000.0,126.54563474385054,27.213175847168944,3.742110371349553e+31,2.3826995353399465e+31,33.0,1.3916814061503095e+32,452,0.6367261515273401
394,1.4266952797331432e+29,4.76337656086982e+28,3410.0,3500.0,3000.0,77.34352698227198,17.14249684508676,5.01533235190609e+31,3.2900479045776797e+31,1.7777777777777777,1.0704847558967315e+32,452,0.655997982531963
395,6.372813724560243e+27,2.274461611803033e+27,3100.0,3500.0,3000.0,94.86743317485956,232.96286276738218,1.418841924491327e+31,4.0345994390569325e+31,19.0,7.8845081007279355e+31,452,2.843586286402827
396,6.372813724560243e+27,2.274461611803033e+27,3100.0,3500.0,3000.0,461.9817761959234,429.9098665195994,6.90942181612068e+31,9.110048013223022e+31,8.5,2.023313869821169e+32,452,1.318496432214916
397,6.372813724560243e+27,2.274461611803033e+27,3100.0,3500.0,3000.0,204.58314694281495,43.70873818337898,3.059755452556706e+31,1.8406469391830619e+31,7.333333333333334,1.4483028206283487e+32,452,0.601566683260596
398,6.372813724560243e+27,2.274461611803033e+27,3100.0,3500.0,3000.0,226.24394165345979,53.703267580862715,3.383715347166855e+31,2.1157957670794994e+31,6.5,1.1858555124703213e+32,452,0.6252877532535442
399,1.4266952797331432e+29,4.76337656086982e+28,3410.0,3500.0,3000.0,317.51901814439225,64.73754494139618,2.0589485199065694e+32,1.3141085471872776e+32,3.071428571428571,4.34379117689128e+32,452,0.6382425468544056
400,1.3011615595745358e+28,1.1235132039949538e+28,3200.0,3500.0,3000.0,75.14183275319711,19.833168016426363,1.5000029166264414e+31,9.345163062875041e+30,,1.0897223089709122e+31,452,0.6230096594673721
401,1.3011615595745358e+28,1.1235132039949538e+28,3200.0,3500.0,3000.0,202.79251865233826,121.6860662501654,4.0482026895409585e+31,3.8827065426234365e+31,56.0,8.257265338165491e+31,452,0.9591186114902047
402,1.3011615595745358e+28,1.1235132039949538e+28,3200.0,3500.0,3000.0,238.18613067223686,54.545532792353676,4.754740170921909e+31,2.796121853028927e+31,,1.3478599938309778e+32,452,0.5880703787199332
403,1.3011615595745358e+28,1.1235132039949538e+28,3200.0,3500.0,3000.0,212.95415164153223,49.30078539897131,4.251052135222464e+31,2.510567162584722e+31,1.7999999999999998,1.2370989804301692e+32,452,0.5905754817220891
404,2.53706284034917e+28,2.190676153566424e+28,3250.0,3500.0,3000.0,278.27803698264876,65.37768105963329,8.229024497126467e+31,5.403312081487429e+31,,6.140930420700889e+31,452,0.6566163563341242
405,2.53706284034917e+28,2.190676153566424e+28,3250.0,3500.0,3000.0,68.07964285920846,126.48639835018547,2.0131989391565922e+31,4.589284023400458e+31,14.0,1.943180605544212e+32,452,2.279597874874248
406,6.372813724560243e+27,2.274461611803033e+27,3100.0,3500.0,3000.0,53.53395374200859,534.5332998430985,8.006564045317714e+30,8.305095659614853e+31,,1.8367415043599808e+32,452,10.372858585290057
407,6.372813724560243e+27,2.274461611803033e+27,3100.0,3500.0,3000.0,749.0584094105025,162.6467302730411,1.1202953844081203e+32,6.778389777533482e+31,33.0,1.2633769340294595e+32,452,0.6050537984778606
408,1.4266952797331432e+29,4.76337656086982e+28,3410.0,3500.0,3000.0,198.6774097993184,41.16984118427807,1.288321440510231e+32,8.265567848541527e+31,1.9000000000000001,2.64017484290074e+32,452,0.6415765187660002
409,2.53706284034917e+28,2.190676153566424e+28,3250.0,3500.0,3000.0,419.0959322449157,81.1709500092119,1.2393183200816176e+32,7.626280156625449e+31,18.0,4.104198338017014e+32,452,0.6153608829185392
410,2.53706284034917e+28,2.190676153566424e+28,3250.0,3500.0,3000.0,1955.5013397364773,373.0220159716834,5.782658453156496e+32,3.541502386731067e+32,5.0769230769230775,1.7901619440746022e+33,452,0.6124349925591608
411,2.53706284034917e+28,2.190676153566424e+28,3250.0,3500.0,3000.0,46.09150122007368,62.542525167888655,1.3629824931996707e+31,2.4242017433334565e+31,,1.5745895310835767e+31,452,1.7786007930611931
412,2.53706284034917e+28,2.190676153566424e+28,3250.0,3500.0,3000.0,88.20284356003822,19.875813067084145,2.6082667832568643e+31,1.68760572726737e+31,2.0,8.777222380020272e+31,452,0.6470218990252629
413,2.53706284034917e+28,2.190676153566424e+28,3250.0,3500.0,3000.0,220.92709946726313,33.5325380493397,6.533086596800168e+31,3.7464691866527687e+31,4.0,8.850257639446967e+31,452,0.5734608184265837
414,,,,3500.0,3000.0,,,,,4.0,7.429228820889085e+31,452,
415,2.53706284034917e+28,2.190676153566424e+28,3250.0,3500.0,3000.0,134.94113003109393,26.949518742564628,3.9903755134115667e+31,2.479591267649848e+31,1.909090909090909,9.744061532424388e+31,452,0.6213929639744418
416,2.53706284034917e+28,2.190676153566424e+28,3250.0,3500.0,3000.0,71.34257498959963,15.097664675767867,2.1096878634159084e+31,1.3360693268991952e+31,3.5999999999999996,6.48828598380465e+31,452,0.6333018974360946
417,1.3011615595745358e+28,1.1235132039949538e+28,3200.0,3500.0,3000.0,230.08269883631192,45.5245691788984,4.592977129707643e+31,2.55795907887816e+31,4.0,1.1991221937582942e+32,452,0.5569283291948336
418,1.3011615595745358e+28,1.1235132039949538e+28,3200.0,3500.0,3000.0,284.33814610653167,62.78803194268902,5.676040001164409e+31,3.291468959516515e+31,2.111111111111111,1.3224893857296677e+32,452,0.5798882599208758
419,2.4228762028039462e+29,8.089374008782233e+28,3500.0,3500.0,3000.0,78.82791515163234,18.358028949176525,7.025266416632334e+31,3.9219108630260277e+31,,1.4378705449398594e+32,452,0.5582579549924107
420,,,,3500.0,3000.0,,,,,,6.079991878251322e+31,452,
421,2.4228762028039462e+29,8.089374008782233e+28,3500.0,3500.0,3000.0,681.3838314533241,152.80066300671308,6.0725986964608675e+32,3.3376280280948416e+32,3.5,1.3534126167669e+33,452,0.5496210428066033
422,2.4228762028039462e+29,8.089374008782233e+28,3500.0,3500.0,3000.0,157.77042144891976,36.64295847961753,1.4060745374414151e+32,7.840629852232361e+31,29.0,2.05389125833601e+32,452,0.5576254774159898
423,2.4228762028039462e+29,8.089374008782233e+28,3500.0,3500.0,3000.0,93.40994409385111,20.953106833117378,8.324839518585785e+31,4.576031049937281e+31,15.0,2.1643922205159075e+32,452,0.5496839956759494
424,2.4228762028039462e+29,8.089374008782233e+28,3500.0,3500.0,3000.0,106.40217705895178,25.249908723173835,9.48272753010064e+31,5.33571137216124e+31,5.8,2.9409614580051104e+32,452,0.5626768622449929
425,2.53706284034917e+28,2.190676153566424e+28,3250.0,3500.0,3000.0,224.4524954840609,49.72553729807398,6.637336901635076e+31,4.269276379009747e+31,2.5454545454545454,1.695123362900703e+32,452,0.6432212862297273
426,6.372813724560243e+27,2.274461611803033e+27,3100.0,3500.0,3000.0,961.773301702307,175.45785328329802,1.4384328073854823e+32,8.204108708861577e+31,4.833333333333333,3.216568098889866e+32,452,0.5703504999843192
427,6.372813724560243e+27,2.274461611803033e+27,3100.0,3500.0,3000.0,430.99185745534703,82.4133343035696,6.445935090758731e+31,3.7330777946297815e+31,4.571428571428571,2.1280771157021455e+32,452,0.5791367337815331
428,6.372813724560243e+27,2.274461611803033e+27,3100.0,3500.0,3000.0,133.9956105759037,110.63729635718244,2.0040448404720638e+31,2.432103608977424e+31,,1.0826662850439583e+31,452,1.213597400547449
429,6.372813724560243e+27,2.274461611803033e+27,3100.0,3500.0,3000.0,763.2899544146611,152.63248514567596,1.1415801520321867e+32,6.711183876465144e+31,14.5,2.8840370602085728e+32,452,0.5878854730014544
430,2.4228762028039462e+29,8.089374008782233e+28,3500.0,3500.0,3000.0,67.57788091219004,14.718833127254824,6.022645865571353e+31,3.271356874831403e+31,8.333333333333334,2.031710109312693e+32,452,0.5431760305768963
431,1.3011615595745358e+28,1.1235132039949538e+28,3200.0,3500.0,3000.0,201.58900799165403,44.71806317930264,4.0241778629553898e+31,2.3376225760198885e+31,2.444444444444444,6.941517209257012e+31,452,0.5808944474196572
432,,,,3500.0,3000.0,,,,,,1.7839112687027595e+31,452,
433,1.3011615595745358e+28,1.1235132039949538e+28,3200.0,3500.0,3000.0,18.498646819643916,31.465903928062396,3.6927531797429716e+30,7.60725859929948e+30,14.0,2.1962045821973656e+31,452,2.0600506530005807
434,2.53706284034917e+28,2.190676153566424e+28,3250.0,3500.0,3000.0,520.0788586424623,119.23421084024679,1.5379372783462773e+32,1.0011073542135892e+32,,2.0937617878018483e+32,452,0.6509416010060346
435,2.53706284034917e+28,2.190676153566424e+28,3250.0,3500.0,3000.0,6750.733586872843,1201.7812749546192,1.996275116149926e+33,1.1971704442354701e+33,11.0,5.245447855081979e+33,452,0.5997021325118592
436,2.53706284034917e+28,2.190676153566424e+28,3250.0,3500.0,3000.0,6366.828981168511,1269.792973112163,1.8827497930897518e+33,1.1694110049363683e+33,6.75,9.713930330744802e+33,452,0.621118647431779
437,1.3011615595745358e+28,1.1235132039949538e+28,3200.0,3500.0,3000.0,298.67339094208825,61.31797181031153,5.962204289098604e+31,3.3648752228756465e+31,9.5,1.388575512987129e+32,452,0.564367649902242
438,1.3011615595745358e+28,1.1235132039949538e+28,3200.0,3500.0,3000.0,207.6011087267852,49.60539698447947,4.144193150143937e+31,2.4782784183345094e+31,,1.7272791443648293e+32,452,0.5980122857566215
439,1.3011615595745358e+28,1.1235132039949538e+28,3200.0,3500.0,3000.0,57.948543298918594,150.5440705346155,1.1567855185024502e+31,3.420567113633823e+31,,1.0882553339619124e+31,452,2.956958795665091
440,1.3011615595745358e+28,1.1235132039949538e+28,3200.0,3500.0,3000.0,345.956019333101,75.19986942919836,6.906073740955507e+31,3.9809016229763816e+31,3.75,1.4623010349881311e+32,452,0.5764348560844637
441,1.4266952797331432e+29,4.76337656086982e+28,3410.0,3500.0,3000.0,44.17788452409244,9.030933475842538,2.8647099781632382e+31,1.82991664585142e+31,,8.815766747325525e+31,452,0.6387790246832263
442,1.4266952797331432e+29,4.76337656086982e+28,3410.0,3500.0,3000.0,92.86218343433049,19.537483390121338,6.021637892898098e+31,3.8824463750081905e+31,2.833333333333333,1.3252105851824173e+32,452,0.6447492267157307
443,1.4266952797331432e+29,4.76337656086982e+28,3410.0,3500.0,3000.0,959.6469730431659,211.83864122395167,6.2228200576052396e+32,4.076590626881532e+32,6.0,1.4967360948965645e+33,452,0.6551034079636151
444,1.4266952797331432e+29,4.76337656086982e+28,3410.0,3500.0,3000.0,786.953502542686,172.91228403274468,5.102991180700621e+32,3.337767609986404e+32,6.333333333333334,9.194592815574712e+32,452,0.6540806150341302
445,1.4266952797331432e+29,4.76337656086982e+28,3410.0,3500.0,3000.0,283.7742009989308,56.93984618821183,1.840130630753958e+32,1.1684993793400608e+32,2.0,3.79081372109299e+32,452,0.6350089280679441
446,1.4266952797331432e+29,4.76337656086982e+28,3410.0,3500.0,3000.0,939.8268604373837,169.14299456200106,6.0942967592133965e+32,3.7439061921216144e+32,1.2,7.777165667307106e+32,452,0.6143294854261163
