,EPIC,IDX,Class,Cat,Period,FVI,Std,Stdc,RAJ2000,DEJ2000,N16,H16
2,211389428,      ,M,rot  ,28.722914000000003,2.32,4.994,4.507,132.742179,11.473550999999999,N16,H16
3,211389537,F2743 ,SM,rot  ,26.29862,3.24,2.398,2.281,132.734254,11.475449000000001,N16,H16
5,211389716,S341  ,SM,rot  ,29.035177,2.68,0.35,0.325,132.496687,11.478209,N16,H16
8,211389931,      ,M,mult ,20.169975,1.79,3.7510000000000003,3.114,132.54853300000002,11.481864,N16,H16
12,211390071,      ,M,rot  ,12.662815,2.73,6.067,5.647,133.117228,11.48442,N16,H16
14,211390107,S1573 ,SM,rot  ,33.39141,2.66,0.746,0.691,133.128158,11.484909,N16,H16
15,211390158,S343  ,M,mult ,12.203753,2.56,0.401,0.369,132.43413600000002,11.485958,N16,H16
21,211390800,S1784 ,SM,rot  ,20.008078,2.5,0.273,0.25,133.288341,11.496658,N16,H16
24,211391125,F2112 ,SM,rot  ,31.506247,3.0,1.6980000000000002,1.601,132.632722,11.502091,N16,H16
27,211391208,      ,M,rot  ,25.844179999999998,2.03,8.521,7.421,132.623992,11.503514,N16,H16
28,211391297,      ,M,rot  ,12.231987,4.72,7.643,7.468999999999999,132.665719,11.505111,N16,H16
33,211391564,      ,M,rot  ,28.855915000000003,3.1,14.603,13.825,132.75913799999998,11.509701,N16,H16
35,211391621,F3101 ,SM,rot  ,16.02834,2.63,2.193,2.028,132.78845,11.510675,N16,H16
38,211392113,S1575 ,SM,mult ,12.83671,3.38,0.36,0.344,133.061422,11.518709,N16,H16
39,211392234,S709  ,SM,rot  ,26.096712,2.32,0.535,0.483,132.73006,11.520703,N16,H16
42,211392354,S711  ,BM,mult ,6.463573,8.2,1.18,1.171,132.721068,11.522252,N16,H16
45,211392455,      ,M,rot  ,26.731053999999997,1.61,12.854000000000001,10.08,132.809724,11.523882,N16,H16
48,211392789,S1179 ,BM,rot  ,29.057743,2.19,0.83,0.738,132.89841,11.529765,N16,H16
49,211392837,S1402 ,SM,none ,0.237139,14.85,0.5820000000000001,0.581,133.045694,11.530332000000001,N16,H16
51,211392859,      ,M,rot  ,23.879976,2.79,8.082,7.546,132.643239,11.530636999999999,N16,H16
53,211392899,      ,M,rot  ,30.394615,6.66,10.378,10.261,133.09593999999998,11.53128,N16,H16
55,211393067,      ,M,rot  ,4.859179,20.5,25.11,25.08,133.085527,11.534125999999999,N16,H16
56,211393129,S1181 ,SM,rot  ,12.125143,2.59,0.34299999999999997,0.316,132.926501,11.535303,N16,H16
58,211393422,      ,M,rot  ,29.035177,2.43,5.115,4.662,132.805199,11.540296000000001,N16,H16
59,211394056,S926  ,SM,none ,18.276964000000003,2.58,0.257,0.237,132.858071,11.550008,N16,H16
62,211394185,F3490 ,SM,mult ,24.798588,4.79,2.762,2.701,132.839537,11.552024000000001,N16,H16
66,211394279,      ,M,rot  ,27.763176,2.17,6.4670000000000005,5.7379999999999995,132.763827,11.553339,N16,H16
69,211394397,S1183 ,SM,none ,29.171095,2.5,0.252,0.231,132.958007,11.555136,N16,H16
72,211394534,F2926 ,M,rot  ,31.666346,2.89,1.926,1.807,132.762225,11.557072999999999,N16,H16
73,211394537,S465  ,SM,rot  ,19.079012,2.14,0.516,0.456,132.537562,11.55723,N16,H16
74,211394542,      ,M,rot  ,26.711956,1.96,5.547999999999999,4.77,132.674803,11.557317,N16,H16
75,211394607,S927  ,SM,rot  ,10.289683,2.94,0.41,0.386,132.808517,11.558483,N16,H16
76,211394644,S928  ,SM,rot  ,14.999545000000001,3.02,1.032,0.973,132.788716,11.55916,N16,H16
78,211394919,      ,M,mult ,29.400470000000002,5.84,22.865,22.526999999999997,133.017728,11.563544,N16,H16
81,211395037,S352  ,SM,rot  ,40.652347999999996,2.73,1.2830000000000001,1.194,132.487529,11.565085,N16,H16
84,211395187,      ,M,rot  ,27.35691,1.65,10.187999999999999,8.097999999999999,132.780428,11.567452000000001,N16,H16
85,211395281,      ,M,rot  ,15.606851999999998,2.15,8.781,7.771,133.02080700000002,11.568821,N16,H16
90,211395492,      ,M,rot  ,27.336909999999996,1.7,11.078,8.95,132.614542,11.572469,N16,H16
91,211395555,F4831 ,M,rot  ,24.378206,2.92,2.093,1.9669999999999999,133.03721000000002,11.573469000000001,N16,H16
93,211395606,      ,M,rot  ,26.654829,2.26,3.137,2.8139999999999996,132.909719,11.574363,N16,H16
95,211395620,F2181 ,SM,rot  ,30.553660999999998,3.67,3.259,3.136,132.645012,11.574542,N16,H16
98,211395699,S1184 ,SM,mult ,23.834310000000002,7.46,2.332,2.311,132.897803,11.575582,N16,H16
101,211395891,      ,M,rot  ,29.012648,2.33,4.521,4.084,132.614027,11.578649,N16,H16
103,211395912,      ,M,mult ,25.081383,2.18,9.046,8.04,133.144181,11.578942999999999,N16,H16
107,211395971,S1792 ,SM,mult ,20.468094,3.06,0.294,0.278,133.272292,11.579905,N16,H16
108,211395992,      ,M,rot  ,36.169304,2.29,4.791,4.309,132.462868,11.580241000000001,N16,H16
109,211396025,S929  ,BM,rot  ,26.169773,2.24,0.48700000000000004,0.435,132.849821,11.580652,N16,H16
110,211396155,S931  ,SM,rot  ,26.07603,2.68,1.014,0.941,132.866268,11.582578999999999,N16,H16
111,211396156,S719  ,M,mult ,13.047238,3.27,1.974,1.88,132.73947900000002,11.582619000000001,N16,H16
121,211396385,S721  ,BM,none ,0.823667,10.05,0.474,0.47200000000000003,132.70686899999998,11.585815,N16,H16
123,211396422,S1186 ,SM,mult ,33.213440000000006,2.65,0.264,0.244,132.87471599999998,11.586427,N16,H16
124,211396493,S722  ,SM,mult ,34.37373,3.62,0.782,0.7509999999999999,132.741072,11.587439999999999,N16,H16
126,211396551,S935  ,SM,mult ,24.732971,4.7,4.003,3.911,132.828559,11.588225,N16,H16
127,211396570,      ,M,mult ,14.892010999999998,3.04,4.167,3.935,132.728173,11.588574000000001,N16,H16
128,211396661,      ,M,none ,21.232597,2.95,9.207,8.662,133.075302,11.589812,N16,H16
134,211396846,S1406 ,SM,rot  ,18.161554000000002,2.25,0.494,0.44299999999999995,132.980207,11.59264,N16,H16
135,211396891,      ,M,rot  ,28.245554,2.3,4.523,4.074,132.40905800000002,11.593155,N16,H16
136,211396893,S723  ,SM,rot  ,27.099155,3.51,0.895,0.858,132.731962,11.593181,N16,H16
138,211397013,      ,M,rot  ,26.07851,2.05,3.86,3.37,132.53878600000002,11.595008,N16,H16
141,211397127,S937  ,SM,mult ,27.991806,19.93,4.803999999999999,4.798,132.779706,11.596836,N16,H16
142,211397319,S724  ,SM,rot  ,24.425982,2.75,0.7859999999999999,0.732,132.777248,11.59971,N16,H16
145,211397501,      ,M,rot  ,12.423001,4.19,4.5969999999999995,4.4639999999999995,132.834703,11.602608,N16,H16
146,211397512,M5862 ,SM,rot  ,16.612288,3.22,2.5660000000000003,2.438,132.877289,11.602786,N16,H16
148,211397558,S1189 ,SM,mult ,11.082663,3.4,0.474,0.45299999999999996,132.883994,11.603473,N16,H16
150,211397833,      ,M,mult ,21.271563,3.48,6.379,6.11,133.146143,11.607479,N16,H16
151,211397837,      ,M,rot  ,7.493391,5.24,14.354000000000001,14.091,132.449329,11.607522,N16,H16
152,211397877,S1191 ,SM,mult ,29.102978000000004,2.53,0.588,0.54,132.929457,11.608008,N16,H16
153,211397955,      ,M,rot  ,14.516207000000001,3.06,3.508,3.315,133.080397,11.609539999999999,N16,H16
154,211398025,S1698 ,SM,rot  ,14.5501,5.18,2.4,2.355,133.181175,11.610515,N16,H16
159,211398194,      ,M,rot  ,12.410631,2.05,2.673,2.332,133.092646,11.613023,N16,H16
160,211398233,      ,M,mult ,32.605216999999996,4.11,4.664,4.523,132.927479,11.613699,N16,H16
162,211398269,S1193 ,SM,mult ,33.601463,4.59,1.4869999999999999,1.4509999999999998,132.90424,11.614341,N16,H16
163,211398314,S939  ,BM,rot  ,26.114939,3.07,0.457,0.43200000000000005,132.780912,11.614871,N16,H16
165,211398504,S1195 ,BM,mult ,1.455111,3.64,0.301,0.289,132.907059,11.617786,N16,H16
167,211398541,M5052 ,SM,rot  ,27.949957,2.57,2.294,2.113,132.65045700000002,11.618336,N16,H16
168,211398612,      ,M,rot  ,28.8782,3.16,4.974,4.718,132.584529,11.619616,N16,H16
171,211398707,      ,M,rot  ,24.455341,3.37,8.612,8.225,133.30199,11.621081,N16,H16
172,211398747,S593  ,SM,rot  ,24.235989,2.67,1.097,1.0170000000000001,132.595827,11.621687,N16,H16
177,211399087,S594  ,BM,rot  ,21.393269,3.34,1.485,1.4169999999999998,132.649178,11.626759,N16,H16
180,211399458,F5060 ,SM,mult ,16.035215,2.36,2.028,1.838,133.07896000000002,11.632257000000001,N16,H16
181,211399481,S1197 ,SM,mult ,25.199709,4.41,0.57,0.555,132.893529,11.632610000000001,N16,H16
185,211399673,S728  ,SM,none ,0.99905,2.98,0.667,0.629,132.735525,11.635607,N16,H16
187,211399695,S595  ,SM,rot  ,20.64895,2.27,0.42,0.377,132.620892,11.635911,N16,H16
189,211399742,      ,M,rot  ,17.34436,1.61,9.949,7.801,132.592577,11.636567,N16,H16
190,211399819,S941  ,SM,rot  ,26.280136,2.06,0.9359999999999999,0.818,132.855062,11.637830000000001,N16,H16
191,211400002,S942  ,BM,rot  ,21.27156,2.73,0.76,0.7070000000000001,132.783411,11.640555,N16,H16
192,211400061,      ,M,mult ,15.306566,2.2,2.061,1.835,133.07251399999998,11.6414,N16,H16
194,211400106,S943  ,BM,rot  ,32.977497,2.41,0.8959999999999999,0.816,132.869216,11.64209,N16,H16
196,211400215,S944  ,SM,rot  ,27.538248,2.43,0.425,0.387,132.86033899999998,11.643578,N16,H16
197,211400290,      ,M,mult ,13.369133999999999,2.81,3.451,3.2239999999999998,133.18601999999998,11.644805999999999,N16,H16
198,211400302,S469  ,SM,none ,7.476908,2.86,0.823,0.7709999999999999,132.539986,11.644976,N16,H16
202,211400500,S945  ,SM,rot  ,25.879955,3.65,1.119,1.0759999999999998,132.84945,11.647812,N16,H16
204,211400563,S1201 ,BM,mult ,15.072102,2.63,0.517,0.478,132.90065900000002,11.648973,N16,H16
206,211400616,S1202 ,SM,mult ,16.365076000000002,2.39,0.391,0.355,132.937205,11.6497,N16,H16
207,211400620,      ,M,none ,16.791334,2.15,4.853,4.294,132.51791,11.649761,N16,H16
208,211400662,      ,M,rot  ,13.465426,3.63,7.377000000000001,7.091,133.092902,11.650312,N16,H16
212,211400944,S947  ,SM,mult ,13.839223,2.63,0.9570000000000001,0.8859999999999999,132.846625,11.654119999999999,N16,H16
214,211400999,      ,M,none ,35.57387,1.74,7.376,6.041,133.269312,11.655006,N16,H16
215,211401055,F5333 ,SM,mult ,23.041183,3.25,2.725,2.593,133.138546,11.655887,N16,H16
218,211401251,      ,M,mult ,33.936943,2.76,16.267,15.165,132.465567,11.658708,N16,H16
219,211401265,      ,M,rot  ,24.314792999999998,2.97,4.43,4.172,132.898337,11.658947999999999,N16,H16
223,211401366,S949  ,M,mult ,28.78926,4.54,2.9610000000000003,2.888,132.805777,11.660428999999999,N16,H16
226,211401403,S950  ,SM,rot  ,21.332241,2.09,0.354,0.311,132.836633,11.661146,N16,H16
229,211401610,S731  ,SM,mult ,26.024057,4.54,0.542,0.529,132.748858,11.664585,N16,H16
231,211401683,S598  ,SM,mult ,19.446154,2.64,0.245,0.22699999999999998,132.643283,11.665746,N16,H16
234,211401872,S243  ,BM,mult ,26.428741,3.66,1.807,1.739,132.370258,11.668934,N16,H16
239,211402436,S1808 ,BM,rot  ,33.361614,4.24,0.4,0.389,133.248515,11.678151,N16,H16
242,211402663,S471  ,SM,mult ,15.445672,5.02,0.877,0.8590000000000001,132.59006399999998,11.682061000000001,N16,H16
244,211402784,      ,M,rot  ,22.256617000000002,2.25,7.112,6.369,133.239908,11.683971000000001,N16,H16
249,211403248,S1585 ,SM,mult ,24.506027,9.59,0.804,0.799,133.10970600000002,11.691019,N16,H16
250,211403356,S364  ,SM,mult ,20.879568,57.03,1.13,1.13,132.486754,11.692478999999999,N16,H16
252,211403555,S961  ,BM,rot  ,26.07851,3.11,0.307,0.29100000000000004,132.789612,11.695837,N16,H16
254,211403852,      ,M,rot  ,27.991806,2.81,4.565,4.2669999999999995,132.404446,11.700814999999999,N16,H16
255,211403974,S602  ,SM,mult ,27.138493,3.08,0.34,0.322,132.618051,11.702722999999999,N16,H16
256,211403975,S473  ,SM,rot  ,27.991806,3.05,0.7120000000000001,0.6729999999999999,132.503507,11.702728,N16,H16
262,211404310,      ,M,rot  ,12.972404,2.79,3.762,3.511,133.160798,11.707605000000001,N16,H16
264,211404466,      ,M,mult ,0.24413200000000002,2.31,5.888999999999999,5.31,132.594397,11.709819,N16,H16
266,211404488,      ,M,rot  ,12.938879,3.45,7.635,7.307,133.222128,11.710197,N16,H16
269,211404735,S1587 ,SM,none ,12.749169,2.81,0.632,0.591,133.126163,11.714008999999999,N16,H16
270,211404773,S476  ,SM,rot  ,16.042092999999998,2.0,0.843,0.731,132.550627,11.71471,N16,H16
275,211405094,S368  ,SM,mult ,26.990790000000004,5.83,0.5589999999999999,0.551,132.428707,11.719106,N16,H16
277,211405388,S1589 ,SM,none ,34.88689,3.63,0.355,0.341,133.07787,11.723500999999999,N16,H16
280,211405671,      ,M,rot  ,25.538979,3.63,8.107999999999999,7.794,133.195211,11.727768,N16,H16
284,211406144,S247  ,BM,none ,13.53856,4.78,0.297,0.29100000000000004,132.35380700000002,11.734908,N16,H16
286,211406540,S1592 ,SM,none ,2.283823,22.04,0.6709999999999999,0.6709999999999999,133.07738799999998,11.74066,N16,H16
287,211406562,      ,M,rot  ,15.262829,2.75,3.489,3.2489999999999997,133.171795,11.740973,N16,H16
288,211406596,S478  ,SM,rot  ,26.522476,3.11,1.27,1.202,132.561039,11.741568,N16,H16
298,211407277,      ,M,rot  ,24.618975,2.5,8.324,7.627999999999999,132.42996599999998,11.752383,N16,H16
303,211407572,S1595 ,SM,none ,16.315092,2.38,0.41700000000000004,0.37799999999999995,133.137844,11.756677999999999,N16,H16
304,211407836,S1438 ,SM,none ,42.404297,2.82,0.3,0.28,133.047291,11.760538,N16,H16
307,211408015,S756  ,SM,none ,11.984976,2.82,0.263,0.24600000000000002,132.763573,11.763167999999999,N16,H16
309,211408116,S984  ,SM,mult ,29.400470000000002,10.22,0.7859999999999999,0.782,132.83843000000002,11.764649,N16,H16
310,211408138,S986  ,BM,EB   ,5.17314,21.91,2.1430000000000002,2.141,132.824965,11.765055,N16,H16
311,211408169,      ,M,rot  ,12.077889,2.11,5.816,5.12,132.555372,11.765663,N16,H16
314,211408522,S2204 ,SM,mult ,25.73744,9.59,1.081,1.075,132.83572,11.771214,N16,H16
315,211408750,S610  ,SM,mult ,34.532463,3.55,0.377,0.361,132.641344,11.774239999999999,N16,H16
316,211408858,S1242 ,BM,mult ,6.526756,13.48,1.263,1.26,132.90004199999998,11.775989,N16,H16
318,211408990,S994  ,SM,rot  ,25.131956,3.19,0.413,0.39299999999999996,132.841882,11.778052,N16,H16
319,211409011,S995  ,SM,none ,34.34216,4.0,0.401,0.38799999999999996,132.833844,11.778261,N16,H16
321,211409088,S1245 ,SM,mult ,34.405359999999995,2.4,0.253,0.23,132.93641200000002,11.779442999999999,N16,H16
322,211409099,S1598 ,SM,mult ,35.248665,3.02,0.534,0.504,133.091003,11.779632000000001,N16,H16
324,211409345,S997  ,BM,mult ,7.942202,5.09,0.364,0.35700000000000004,132.832948,11.783439999999999,N16,H16
325,211409348,S998  ,SM,mult ,26.060333,7.16,0.888,0.88,132.822278,11.783511,N16,H16
326,211409376,S999  ,BM,mult ,10.45074,94.86,8.288,8.287,132.827865,11.784082000000001,N16,H16
327,211409560,S1001 ,SM,none ,20.763618,3.62,0.272,0.261,132.784937,11.786702,N16,H16
328,211409644,S1000 ,BM,none ,19.702328,11.27,1.171,1.166,132.849189,11.787791,N16,H16
329,211409645,      ,M,mult ,41.7882,2.63,3.1630000000000003,2.927,133.188127,11.787804,N16,H16
331,211409664,S252  ,SM,none ,32.128925,2.74,0.7090000000000001,0.66,132.394846,11.78808,N16,H16
332,211409862,      ,M,mult ,34.09166,2.41,11.59,10.549000000000001,133.235628,11.790547,N16,H16
334,211410090,      ,M,rot  ,25.047775,1.65,12.161,9.675,132.539498,11.793897,N16,H16
340,211410757,S1817 ,SM,mult ,19.355556,2.12,0.37200000000000005,0.32799999999999996,133.282202,11.80357,N16,H16
342,211410931,S1018 ,BM,none ,11.562467999999999,4.1,0.415,0.40299999999999997,132.850355,11.806076,N16,H16
345,211410992,S375  ,SM,mult ,14.332579,2.39,1.126,1.023,132.454004,11.806907,N16,H16
346,211411112,S617  ,BM,mult ,21.175186,3.25,0.451,0.429,132.612448,11.808697,N16,H16
347,211411199,      ,M,mult ,32.979079999999996,4.19,6.136,5.959,133.117496,11.809994999999999,N16,H16
351,211411477,S1602 ,SM,rot  ,14.67574,2.35,0.7390000000000001,0.669,133.094603,11.813881,N16,H16
353,211411508,M5951 ,SM,mult ,24.157695999999998,72.51,6.846,6.845,132.888425,11.814256,N16,H16
354,211411553,S1713 ,SM,mult ,12.464414999999999,3.17,0.267,0.253,133.234386,11.814967,N16,H16
357,211411621,S1714 ,SM,mult ,15.237948000000001,4.27,1.2770000000000001,1.242,133.19374,11.816047,N16,H16
358,211411722,S1604 ,BM,mult ,31.164859999999997,2.6,0.963,0.889,133.092595,11.817472,N16,H16
359,211411723,      ,M,rot  ,13.38349,3.67,2.622,2.522,133.18502800000002,11.817472,N16,H16
361,211411894,S485  ,SM,mult ,26.923534000000004,3.23,0.516,0.49,132.583853,11.819741,N16,H16
363,211411922,S774  ,SM,none ,15.567862,3.26,0.336,0.32,132.708114,11.820203999999999,N16,H16
364,211412010,      ,M,mult ,23.653378,2.4,5.524,5.022,133.164493,11.821591999999999,N16,H16
365,211412077,S1034 ,SM,none ,15.778082000000001,10.38,0.97,0.966,132.827257,11.822629,N16,H16
366,211412192,S1036 ,BM,mult ,0.22071799999999997,410.33,42.202,42.202,132.867277,11.824294,N16,H16
367,211412252,S1268 ,SM,rot  ,26.673842999999998,2.82,0.262,0.245,132.958121,11.82532,N16,H16
369,211412571,      ,M,rot  ,15.529067000000001,2.14,3.343,2.9539999999999997,132.595145,11.830032000000001,N16,H16
371,211412877,S1275 ,SM,mult ,22.883999,3.5,0.319,0.306,132.905854,11.8348,N16,H16
376,211413212,S622  ,SM,rot  ,24.267448,2.41,0.677,0.616,132.589892,11.839767,N16,H16
377,211413327,      ,M,rot  ,26.346854999999998,2.32,6.684,6.03,132.620498,11.841414,N16,H16
381,211413537,S1607 ,SM,mult ,14.409911,5.31,0.715,0.7020000000000001,133.089153,11.844945,N16,H16
385,211413815,S1282 ,BM,EB   ,0.18023499999999998,838.42,123.76799999999999,123.76799999999999,132.90769699999998,11.84918,N16,H16
386,211413961,S1609 ,SM,mult ,37.701046000000005,2.96,1.149,1.082,133.11762199999998,11.851586,N16,H16
387,211414071,      ,M,mult ,33.241436,2.14,11.727,10.362,133.225207,11.853208,N16,H16
388,211414081,S1285 ,BM,rot  ,33.213440000000006,2.5,0.218,0.2,132.951356,11.853301,N16,H16
389,211414156,      ,M,rot  ,30.984081,2.01,2.4419999999999997,2.119,132.629352,11.854564,N16,H16
390,211414203,S1060 ,SM,mult ,20.144676,2.63,0.287,0.265,132.828219,11.855186999999999,N16,H16
391,211414329,S488  ,SM,mult ,30.704203000000003,344.15,4.063,4.063,132.551269,11.8568,N16,H16
393,211414403,      ,M,rot  ,22.998665,2.17,6.2829999999999995,5.579,133.119493,11.857994999999999,N16,H16
397,211414799,S1612 ,BM,rot  ,9.087146,2.92,0.521,0.489,133.130899,11.864249000000001,N16,H16
398,211414938,S625  ,BM,mult ,21.843191,3.67,1.092,1.05,132.597465,11.866257000000001,N16,H16
400,211414962,S1069 ,SM,rot  ,26.224838000000002,3.83,0.35600000000000004,0.344,132.87001,11.866653999999999,N16,H16
401,211414974,      ,M,rot  ,26.635841,3.14,7.257999999999999,6.88,133.11646000000002,11.866789,N16,H16
402,211415085,      ,M,rot  ,28.61301,2.01,2.905,2.521,132.51944699999999,11.868561,N16,H16
403,211415109,S1720 ,SM,none ,10.292516,2.47,0.38299999999999995,0.35,133.205188,11.868961,N16,H16
404,211415364,S794  ,SM,mult ,26.13319,4.33,0.424,0.413,132.74231899999998,11.872875,N16,H16
406,211415591,      ,M,rot  ,27.558544,2.0,2.086,1.806,132.544387,11.876391,N16,H16
412,211416111,S1077 ,BM,mult ,1.358766,87.01,9.704,9.704,132.780109,11.883866000000001,N16,H16
415,211416353,      ,M,rot  ,24.964159,3.9,7.396,7.148,133.180138,11.88727,N16,H16
417,211416577,S1082 ,BM,EB   ,0.5338729999999999,459.45,23.604,23.604,132.836709,11.890564999999999,N16,H16
418,211416616,      ,M,rot  ,21.578464999999998,2.16,3.1919999999999997,2.8289999999999997,132.630248,11.891069,N16,H16
419,211416648,      ,M,rot  ,32.977497,2.31,2.655,2.3930000000000002,132.619536,11.891701,N16,H16
421,211416749,S1305 ,SM,none ,12.744823,4.19,0.29600000000000004,0.287,132.899075,11.89297,N16,H16
423,211416925,      ,M,rot  ,21.779573000000003,1.8,5.515,4.584,132.492268,11.895616,N16,H16
424,211417004,S489  ,SM,mult ,25.933805,4.05,0.425,0.41200000000000003,132.567905,11.896681,N16,H16
426,211417130,S1722 ,SM,none ,19.049851999999998,2.33,0.39799999999999996,0.359,133.160348,11.898937,N16,H16
429,211417559,      ,M,rot  ,26.447435,3.09,11.529000000000002,10.907,132.583879,11.905085,N16,H16
430,211417658,S491  ,SM,mult ,23.475168,3.8,1.24,1.196,132.57661299999998,11.906684,N16,H16
432,211417765,S1310 ,SM,mult ,24.108342999999998,4.78,0.48700000000000004,0.47600000000000003,132.921778,11.90806,N16,H16
433,211417812,S806  ,SM,rot  ,22.01035,4.22,0.402,0.391,132.750734,11.908914,N16,H16
434,211417817,      ,M,rot  ,28.288294,1.62,7.727,6.079,132.610678,11.908991,N16,H16
439,211418141,      ,M,rot  ,21.932882,1.45,65.881,47.726000000000006,132.59798899999998,11.913555,N16,H16
440,211418176,S630  ,SM,mult ,25.790697,3.08,0.696,0.6579999999999999,132.61688600000002,11.914045,N16,H16
443,211418370,F5692 ,SM,rot  ,19.547821,2.65,2.506,2.3209999999999997,133.229937,11.916891,N16,H16
444,211418464,      ,M,rot  ,14.371141,2.95,3.2910000000000004,3.096,132.439046,11.918463000000001,N16,H16
447,211418682,      ,M,rot  ,20.671782,1.92,5.812,4.958,132.43791399999998,11.9217,N16,H16
455,211419666,      ,M,none ,23.925817000000002,6.58,4.218,4.169,132.492952,11.936344,N16,H16
459,211420247,      ,M,mult ,25.561487,3.02,9.337,8.811,132.465196,11.944541000000001,N16,H16
461,211420394,S499  ,SM,mult ,27.001307,2.71,0.423,0.39299999999999996,132.500105,11.946691,N16,H16
463,211420549,S821  ,BM,mult ,32.073803000000005,3.21,0.316,0.3,132.715955,11.948852,N16,H16
466,211420874,      ,M,mult ,36.169304,2.21,3.6239999999999997,3.233,132.542408,11.953513000000001,N16,H16
467,211420952,      ,M,mult ,0.24510300000000002,2.68,8.134,7.547000000000001,132.54830900000002,11.954516,N16,H16
471,211421327,F5285 ,SM,mult ,39.744884000000006,2.96,2.463,2.318,133.12988700000002,11.960402,N16,H16
476,211421683,S1323 ,SM,mult ,17.288223000000002,3.35,0.37799999999999995,0.361,132.897516,11.965695,N16,H16
477,211421905,S1731 ,SM,mult ,28.990153999999997,2.16,0.826,0.732,133.197652,11.969059,N16,H16
478,211422199,      ,M,mult ,13.875171,2.31,1.8319999999999999,1.651,132.575084,11.973382,N16,H16
480,211422418,S637  ,BM,rot  ,27.197714,2.06,1.057,0.924,132.58813999999998,11.976902,N16,H16
483,211422676,S395  ,SM,mult ,22.175295000000002,2.78,0.387,0.361,132.44911000000002,11.980715,N16,H16
484,211422704,S1624 ,BM,rot  ,19.609331,3.37,0.523,0.499,133.14851399999998,11.981160000000001,N16,H16
486,211422813,      ,M,rot  ,10.553986,1.6,6.962000000000001,5.43,132.50093600000002,11.982667999999999,N16,H16
490,211423010,S640  ,SM,mult ,44.79183,3.83,1.4669999999999999,1.416,132.589044,11.9858,N16,H16
493,211423302,S1627 ,SM,rot  ,29.057743,2.08,0.985,0.8640000000000001,133.108914,11.989965,N16,H16
494,211423434,S1832 ,SM,mult ,12.272136,2.4,0.247,0.22399999999999998,133.298953,11.991975,N16,H16
496,211423623,      ,M,none ,33.125164,1.69,3.9960000000000004,3.22,132.480177,11.994872,N16,H16
498,211423883,S505  ,SM,mult ,36.594093,3.37,0.644,0.615,132.541442,11.998322,N16,H16
501,211424343,F5925 ,M,mult ,14.987520000000002,4.54,3.8810000000000002,3.785,133.304852,12.005257,N16,H16
503,211424429,      ,M,rot  ,27.497744,2.02,13.804,12.0,133.20525800000001,12.006608,N16,H16
504,211424980,      ,M,rot  ,15.665698999999998,5.93,5.034,4.962,132.46791499999998,12.015049000000001,N16,H16
508,211425363,      ,M,rot  ,15.503312,2.24,2.439,2.1830000000000003,133.220152,12.021009,N16,H16
511,211425595,      ,M,mult ,15.344254999999999,2.09,4.652,4.086,133.111386,12.024726,N16,H16
512,211425760,      ,M,rot  ,28.855915000000003,2.35,2.432,2.201,133.054696,12.027169,N16,H16
515,211425896,S1493 ,M,rot  ,21.907183,3.06,2.149,2.031,133.02528,12.029361,N16,H16
517,211425911,S1735 ,SM,rot  ,19.933409,1.88,1.571,1.329,133.160187,12.029521,N16,H16
524,211426502,      ,M,rot  ,27.517979999999998,2.28,12.27,11.023,132.993426,12.03858,N16,H16
530,211426841,S647  ,SM,mult ,31.479721,2.78,0.511,0.47600000000000003,132.668226,12.044022,N16,H16
533,211426999,S1736 ,SM,mult ,41.695,3.23,1.135,1.079,133.20353799999998,12.046645,N16,H16
534,211427009,F1029 ,SM,mult ,16.042091,1.99,1.886,1.63,132.41415800000001,12.046826,N16,H16
537,211427165,S1113 ,BM,rot  ,2.820888,565.19,85.344,85.344,132.855432,12.049022,N16,H16
540,211427268,S1115 ,SM,rot  ,30.159342,3.53,0.614,0.589,132.78776399999998,12.050613,N16,H16
543,211427425,S648  ,SM,mult ,8.107582,4.19,0.5820000000000001,0.5660000000000001,132.677582,12.052796,N16,H16
544,211427431,      ,M,rot  ,24.03999,1.95,7.732,6.638999999999999,133.067201,12.052854,N16,H16
549,211427574,S1340 ,SM,rot  ,14.60694,1.97,0.341,0.293,132.905624,12.055409,N16,H16
550,211427666,      ,M,rot  ,14.471260000000001,2.68,5.199,4.823,133.124639,12.056957,N16,H16
551,211427749,S1503 ,SM,rot  ,16.88994,2.64,0.307,0.284,133.014425,12.058327,N16,H16
552,211427761,      ,M,rot  ,20.683218,1.41,14.440999999999999,10.158999999999999,132.72728500000002,12.058487,N16,H16
553,211427784,S1504 ,SM,mult ,10.161054,7.4,1.4409999999999998,1.4280000000000002,132.97161699999998,12.058889,N16,H16
555,211427873,S2225 ,SM,mult ,24.018032,37.38,17.57,17.563,132.719295,12.060278,N16,H16
557,211427940,S844  ,SM,mult ,44.79183,3.15,0.513,0.48700000000000004,132.70259,12.061484,N16,H16
559,211428054,      ,M,none ,26.84621,2.11,6.523,5.7410000000000005,132.963729,12.063222,N16,H16
560,211428172,S1505 ,SM,rot  ,16.451483,2.5,0.578,0.53,133.00652,12.065056,N16,H16
564,211428454,S1118 ,SM,mult ,36.169304,2.49,0.9740000000000001,0.892,132.810465,12.06906,N16,H16
565,211428580,S1341 ,SM,mult ,25.649160000000002,4.56,1.412,1.3780000000000001,132.87815700000002,12.071135,N16,H16
566,211428596,S1634 ,BM,mult ,17.857960000000002,2.65,0.34299999999999997,0.317,133.128266,12.071352000000001,N16,H16
570,211428643,S1506 ,SM,mult ,15.325387,2.67,0.258,0.24,132.97003600000002,12.071933,N16,H16
571,211428649,S846  ,SM,mult ,27.37694,3.35,0.521,0.49700000000000005,132.769588,12.072018,N16,H16
573,211428722,S277  ,BM,mult ,19.650553,4.63,0.33299999999999996,0.325,132.33950900000002,12.073024,N16,H16
576,211428762,S1342 ,SM,mult ,15.401137,3.11,1.597,1.5119999999999998,132.917821,12.073563,N16,H16
578,211428837,S1635 ,SM,rot  ,10.920813,2.51,0.342,0.313,133.14227,12.074767,N16,H16
582,211429032,      ,M,mult ,26.298617999999998,2.56,4.434,4.082,132.605428,12.077577999999999,N16,H16
584,211429166,S1507 ,SM,mult ,36.774048,5.19,0.7879999999999999,0.774,132.965596,12.079666,N16,H16
585,211429238,      ,M,mult ,41.05407,2.36,2.9210000000000003,2.645,132.82147,12.081046,N16,H16
586,211429354,S1508 ,BM,rot  ,24.831526,3.91,0.408,0.39399999999999996,132.99973899999998,12.083033,N16,H16
589,211429498,      ,M,rot  ,21.542715,2.49,0.469,0.43,132.414835,12.085212,N16,H16
592,211429534,      ,M,mult ,14.212060000000001,2.36,3.515,3.185,132.636673,12.085761,N16,H16
596,211429563,S650  ,BM,mult ,37.663067,8.94,3.4389999999999996,3.418,132.594084,12.086274000000001,N16,H16
605,211429903,      ,M,mult ,30.086538,2.24,5.934,5.31,133.160769,12.091211,N16,H16
607,211430012,S848  ,SM,rot  ,28.591131,2.24,0.439,0.39299999999999996,132.73834,12.093447,N16,H16
613,211430257,F1816 ,M,rot  ,27.887417,1.87,1.75,1.479,132.579282,12.097342,N16,H16
614,211430274,F4050 ,SM,rot  ,26.560158,3.01,1.774,1.673,132.91565400000002,12.097722000000001,N16,H16
617,211430472,      ,M,mult ,15.090348,2.03,1.916,1.6669999999999998,132.714651,12.101034,N16,H16
620,211430648,S1637 ,M,rot  ,15.898845999999999,3.29,1.943,1.851,133.093698,12.103947,N16,H16
